Data,Hora UTC,PRECIPITACAO TOTAL. HORARIO (mm),PRESSAO ATMOSFERICA AO NIVEL DA ESTACAO. HORARIA (mB),PRESSAO ATMOSFERICA MAX.NA HORA ANT. (AUT) (mB),PRESSAO ATMOSFERICA MIN. NA HORA ANT. (AUT) (mB),TEMPERATURA DO AR - BULBO SECO. HORARIA (Celsius),TEMPERATURA DO PONTO DE ORVALHO (Celsius),TEMPERATURA MAXIMA NA HORA ANT. (AUT) (Celsius),TEMPERATURA MAXIMA NA HORA ANT. (AUT) (Celsius).1,TEMPERATURA ORVALHO MAX. NA HORA ANT. (AUT) (Celsius),TEMPERATURA ORVALHO MIN. NA HORA ANT. (AUT) (Celsius),UMIDADE REL. MAX. NA HORA ANT. (AUT) (%),UMIDADE REL. MIN. NA HORA ANT. (AUT) (%),UMIDADE RELATIVA DO AR. HORARIA (%),VENTO. DIRECAO HORARIA (gr) ((gr)),VENTO. RAJADA MAXIMA (m/s),VENTO. VELOCIDADE HORARIA (m/s);
2020/11/29,0700 UTC,0.0,884.0,884.1,883.7,16.8,15.3,17.3,16.7,15.7,15.1,91.0,89.0,91.0,97.0,10.0,6.7
2020/11/29,0800 UTC,0.0,884.3,884.3,883.8,16.6,15.1,16.8,16.5,15.3,15.0,91.0,90.0,91.0,102.0,9.9,7.0
2020/11/29,0900 UTC,0.0,884.5,884.5,884.1,16.5,15.0,16.7,16.3,15.2,14.9,92.0,90.0,91.0,99.0,10.6,7.1
2020/11/29,1000 UTC,0.0,885.3,885.3,884.5,18.5,15.2,18.7,16.5,15.4,14.6,91.0,79.0,81.0,106.0,12.7,7.8
2020/11/29,1100 UTC,0.0,885.7,885.7,885.3,20.5,15.1,20.5,18.3,15.4,14.2,81.0,71.0,71.0,88.0,12.2,5.1
2020/11/29,1200 UTC,0.0,886.1,886.1,885.7,22.9,14.7,23.7,20.5,15.9,13.9,71.0,58.0,60.0,86.0,10.4,4.4
2020/11/29,1300 UTC,0.0,886.4,886.4,886.1,21.8,15.3,23.9,21.4,15.7,14.1,67.0,59.0,67.0,97.0,10.6,6.2
2020/11/29,1400 UTC,0.0,886.1,886.4,886.1,23.3,15.9,24.4,21.8,16.9,14.8,67.0,60.0,63.0,112.0,9.6,5.0
2020/11/29,1500 UTC,0.0,885.3,886.1,885.3,22.8,14.9,25.8,22.4,17.0,14.4,66.0,55.0,61.0,52.0,8.9,5.6
2020/11/29,1600 UTC,0.0,884.9,885.3,884.9,24.9,16.2,26.0,22.6,17.5,14.4,66.0,55.0,58.0,56.0,8.9,2.9
2020/11/29,1700 UTC,0.0,883.7,884.9,883.7,26.9,14.7,27.3,23.2,16.4,14.0,61.0,46.0,47.0,78.0,7.5,3.8
2020/11/29,1800 UTC,0.0,883.0,883.7,883.0,23.6,13.2,27.0,23.6,15.3,13.1,53.0,46.0,52.0,51.0,7.5,4.0
2020/11/29,1900 UTC,0.0,882.5,883.0,882.5,25.0,14.6,26.7,23.6,15.1,13.1,55.0,45.0,52.0,45.0,7.2,2.1
2020/11/29,2000 UTC,0.0,882.4,882.5,882.3,23.1,14.2,25.5,23.0,15.0,13.4,57.0,49.0,57.0,49.0,6.8,3.6
2020/11/29,2100 UTC,0.0,882.5,882.5,882.2,22.3,14.6,23.8,22.3,14.6,13.8,62.0,55.0,62.0,56.0,6.2,3.8
2020/11/29,2200 UTC,0.0,883.0,883.0,882.5,21.3,14.6,22.3,21.1,14.7,14.1,66.0,62.0,66.0,95.0,8.3,6.2
2020/11/29,2300 UTC,0.0,883.5,883.6,883.0,20.3,15.4,21.3,20.3,15.4,14.6,74.0,66.0,74.0,100.0,10.3,6.9
2020/11/30,0000 UTC,0.0,883.8,883.8,883.5,19.5,15.8,20.3,19.4,15.8,15.5,80.0,74.0,80.0,110.0,10.7,7.1
2020/11/30,0100 UTC,0.0,884.4,884.4,883.8,18.7,15.6,19.5,18.7,15.9,15.6,83.0,80.0,82.0,119.0,10.7,6.1
2020/11/30,0200 UTC,0.0,883.8,884.4,883.8,18.1,15.1,18.7,18.1,15.6,15.1,83.0,82.0,82.0,119.0,11.0,7.2
2020/11/30,0300 UTC,0.0,883.6,883.9,883.5,17.3,15.0,18.1,17.3,15.1,14.9,87.0,82.0,87.0,122.0,10.5,5.2
2020/11/30,0400 UTC,0.0,882.7,883.6,882.6,17.0,15.3,17.3,17.0,15.4,15.0,90.0,87.0,90.0,123.0,9.1,6.3
2020/11/30,0500 UTC,0.0,882.0,882.7,882.0,16.5,15.3,17.0,16.5,15.5,15.3,92.0,90.0,92.0,126.0,10.1,7.4
2020/11/30,0600 UTC,0.0,881.6,882.0,881.5,16.5,15.2,16.6,16.5,15.3,15.1,92.0,92.0,92.0,118.0,12.6,9.6
2020/11/30,0700 UTC,0.0,881.5,881.7,881.3,16.4,15.1,16.5,16.3,15.2,15.0,92.0,92.0,92.0,117.0,14.4,11.0
2020/11/30,0800 UTC,0.0,881.8,881.8,881.4,16.2,14.9,16.4,16.2,15.1,14.9,92.0,91.0,92.0,122.0,13.7,7.4
2020/11/30,0900 UTC,0.0,882.5,882.6,881.7,17.5,15.5,17.5,16.2,15.6,14.9,93.0,88.0,88.0,116.0,12.8,7.9
2020/11/30,1000 UTC,0.0,883.1,883.1,882.5,19.9,16.3,19.9,17.5,16.3,15.5,88.0,79.0,80.0,105.0,11.6,5.7
2020/11/30,1100 UTC,0.0,883.7,883.7,883.1,22.5,17.0,22.5,19.9,17.1,15.8,80.0,70.0,71.0,112.0,9.1,4.8
2020/11/30,1200 UTC,0.0,884.4,884.4,883.7,24.0,17.0,24.4,22.6,17.6,16.0,71.0,62.0,65.0,100.0,7.7,4.3
2020/11/30,1300 UTC,0.0,884.4,884.6,884.3,23.7,16.2,24.8,22.9,17.4,15.8,68.0,61.0,63.0,47.0,7.1,2.3
2020/11/30,1400 UTC,0.0,884.0,884.4,884.0,25.7,16.7,26.1,22.5,17.8,15.4,67.0,58.0,58.0,58.0,7.2,3.1
2020/11/30,1500 UTC,0.0,883.4,884.0,883.4,24.3,16.1,26.9,23.8,18.1,15.2,64.0,54.0,60.0,18.0,6.3,1.8
2020/11/30,1600 UTC,0.0,882.8,883.4,882.8,25.8,16.7,28.3,24.1,18.0,15.4,62.0,50.0,57.0,62.0,5.8,2.1
2020/11/30,1700 UTC,0.0,882.0,882.8,882.0,25.7,16.1,29.1,25.1,18.7,15.3,58.0,48.0,55.0,8.0,5.3,2.0
2020/11/30,1800 UTC,0.0,881.2,882.0,881.2,28.0,16.0,28.5,25.3,18.1,14.7,58.0,47.0,48.0,26.0,7.0,1.9
2020/11/30,1900 UTC,0.0,880.7,881.2,880.7,25.5,15.8,28.0,25.1,16.9,15.0,57.0,48.0,55.0,33.0,4.9,2.3
2020/11/30,2000 UTC,0.0,880.5,880.8,880.5,25.1,14.8,26.2,24.8,16.3,14.8,56.0,52.0,53.0,8.0,5.2,2.0
2020/11/30,2100 UTC,0.0,880.5,880.5,880.4,23.5,15.0,25.8,23.5,16.2,14.8,59.0,53.0,59.0,53.0,6.7,4.0
2020/11/30,2200 UTC,0.0,880.9,880.9,880.4,22.8,15.2,23.5,22.6,15.3,15.0,63.0,59.0,62.0,75.0,6.7,3.3
2020/11/30,2300 UTC,0.0,881.3,881.3,880.9,22.4,15.3,22.8,22.3,15.3,15.1,64.0,62.0,64.0,47.0,6.1,3.9
2020/12/01,0000 UTC,0.0,882.1,882.1,881.3,21.9,15.1,22.4,21.7,15.3,15.0,66.0,64.0,65.0,73.0,5.8,2.9
2020/12/01,0100 UTC,0.0,882.4,882.4,881.9,21.0,14.8,21.9,21.0,15.2,14.6,68.0,65.0,68.0,86.0,6.0,2.9
2020/12/01,0200 UTC,0.0,882.2,882.4,882.2,20.3,15.0,20.9,20.1,15.0,14.8,72.0,68.0,72.0,99.0,5.4,3.5
2020/12/01,0300 UTC,0.0,881.6,882.3,881.6,20.2,15.1,20.4,20.1,15.1,14.9,73.0,71.0,72.0,115.0,5.0,3.1
2020/12/01,0400 UTC,0.0,881.4,881.8,881.4,20.6,15.7,20.7,20.2,15.7,15.0,74.0,70.0,74.0,191.0,8.2,3.9
2020/12/01,0500 UTC,0.0,881.2,881.4,881.2,20.2,16.4,20.6,20.0,16.5,15.7,80.0,74.0,79.0,183.0,7.1,3.1
2020/12/01,0600 UTC,0.0,881.0,881.2,881.0,19.2,16.3,20.2,19.2,16.7,16.2,83.0,79.0,83.0,136.0,6.9,4.7
2020/12/01,0700 UTC,0.0,881.0,881.1,880.9,19.3,16.7,19.3,18.8,16.8,16.3,88.0,83.0,85.0,211.0,6.9,2.3
2020/12/01,0800 UTC,0.0,880.9,881.0,880.8,18.2,16.4,19.5,18.2,16.7,16.3,89.0,83.0,89.0,116.0,3.9,1.8
2020/12/01,0900 UTC,0.0,881.3,881.3,880.8,18.8,17.0,18.8,18.0,17.0,16.4,93.0,89.0,90.0,125.0,4.6,3.0
2020/12/01,1000 UTC,0.0,881.8,881.9,881.3,20.0,17.7,20.2,18.8,17.7,17.0,90.0,84.0,86.0,93.0,4.3,1.2
2020/12/01,1100 UTC,0.0,882.1,882.1,881.8,23.0,18.7,23.0,20.0,18.9,17.4,86.0,77.0,77.0,105.0,2.8,1.4
2020/12/01,1200 UTC,0.0,882.7,882.7,882.1,23.2,18.0,24.0,22.0,19.3,16.9,78.0,72.0,72.0,307.0,3.5,1.6
2020/12/01,1300 UTC,0.0,882.7,882.8,882.7,25.2,18.5,25.2,23.2,18.7,17.2,73.0,67.0,67.0,20.0,5.1,2.4
2020/12/01,1400 UTC,0.0,882.5,882.8,882.5,24.3,17.4,25.3,23.4,18.5,17.0,70.0,64.0,65.0,351.0,5.0,1.9
2020/12/01,1500 UTC,0.0,882.1,882.5,882.1,25.2,17.2,25.6,24.3,18.1,16.2,67.0,59.0,61.0,331.0,4.6,2.2
2020/12/01,1600 UTC,0.0,881.6,882.1,881.6,24.2,17.5,25.4,24.0,18.3,16.7,67.0,59.0,66.0,341.0,7.0,3.1
2020/12/01,1700 UTC,0.0,881.0,881.7,881.0,25.1,17.8,25.1,23.8,17.9,16.9,67.0,64.0,64.0,311.0,5.5,2.6
2020/12/01,1800 UTC,0.0,880.0,881.0,880.0,25.9,17.1,28.2,25.1,19.2,16.9,64.0,55.0,58.0,346.0,6.1,2.7
2020/12/01,1900 UTC,0.0,879.3,880.0,879.3,25.1,16.5,27.0,25.0,18.6,16.1,61.0,56.0,59.0,8.0,6.8,1.4
2020/12/01,2000 UTC,0.0,879.5,879.5,879.2,26.8,16.5,26.8,24.6,17.3,16.1,62.0,53.0,53.0,314.0,5.3,2.1
2020/12/01,2100 UTC,0.0,879.8,879.8,879.5,24.6,15.0,27.0,24.6,16.6,14.9,56.0,52.0,55.0,218.0,4.5,1.7
2020/12/01,220nome0 UTC,0.0,880.3,880.3,879.8,23.1,15.4,24.6,22.8,15.6,14.7,63.0,55.0,62.0,130.0,5.4,4.3
2020/12/01,2300 UTC,0.0,880.5,880.5,880.2,21.0,16.2,23.2,21.0,16.4,15.4,74.0,62.0,74.0,129.0,10.5,8.0
2020/12/02,0000 UTC,0.0,880.8,880.8,880.4,20.4,16.0,21.0,20.3,16.6,15.8,77.0,74.0,76.0,137.0,12.6,7.9
2020/12/02,0100 UTC,0.0,881.0,881.0,880.7,19.8,16.2,20.5,19.8,16.2,15.9,80.0,76.0,80.0,130.0,10.2,7.8
2020/12/02,0200 UTC,0.0,880.7,881.0,880.7,19.2,16.3,19.8,19.2,16.4,16.2,83.0,80.0,83.0,132.0,12.0,8.1
2020/12/02,0300 UTC,0.0,880.0,880.7,880.0,19.7,16.1,19.9,19.1,16.4,16.1,84.0,79.0,80.0,135.0,11.2,8.5
2020/12/02,0400 UTC,0.0,879.4,880.0,879.3,18.9,16.4,19.7,18.8,16.4,16.1,85.0,80.0,85.0,134.0,11.6,9.2
2020/12/02,0500 UTC,0.0,879.1,879.4,879.1,18.8,16.4,19.1,18.7,16.4,16.2,86.0,84.0,86.0,120.0,11.1,6.4
2020/12/02,0600 UTC,0.0,879.2,879.2,879.0,18.6,16.8,18.8,18.5,16.9,16.4,90.0,86.0,89.0,117.0,8.7,6.3
2020/12/02,0700 UTC,0.0,879.4,879.4,879.1,18.5,17.0,18.7,18.5,17.1,16.7,91.0,89.0,91.0,119.0,9.7,5.6
2020/12/02,0800 UTC,0.0,880.0,880.0,879.4,18.5,17.0,18.6,18.4,17.2,17.0,92.0,91.0,91.0,118.0,7.3,4.7
2020/12/02,0900 UTC,0.0,880.6,880.6,880.0,20.0,17.4,20.0,18.4,17.5,17.0,92.0,85.0,85.0,119.0,6.9,5.0
2020/12/02,1000 UTC,0.0,881.3,881.3,880.6,23.0,18.3,23.1,20.0,18.5,17.4,85.0,74.0,75.0,107.0,6.9,3.6
2020/12/02,1100 UTC,0.0,881.9,881.9,881.3,22.7,18.4,23.5,22.3,18.6,17.1,77.0,70.0,77.0,121.0,5.8,1.9
2020/12/02,1200 UTC,0.0,882.3,882.3,881.9,25.4,18.0,26.1,22.7,19.9,17.8,77.0,64.0,64.0,64.0,3.6,1.6
2020/12/02,1300 UTC,0.0,882.3,882.5,882.3,24.8,17.2,27.2,23.9,19.1,16.7,68.0,58.0,63.0,315.0,6.9,4.1
2020/12/02,1400 UTC,0.0,882.2,882.4,882.1,24.6,17.4,25.9,24.3,18.4,17.0,67.0,62.0,64.0,330.0,8.2,3.7
2020/12/02,1500 UTC,3.2,881.7,882.3,881.6,20.0,17.4,24.6,20.0,17.6,16.6,85.0,64.0,85.0,318.0,12.2,5.8
2020/12/02,1600 UTC,1.8,881.2,881.7,881.2,21.4,18.6,21.4,20.0,18.9,17.4,88.0,83.0,84.0,20.0,12.1,1.8
2020/12/02,1700 UTC,8.0,881.0,881.3,880.9,18.6,17.1,21.6,17.9,18.6,16.6,94.0,81.0,91.0,196.0,15.2,4.5
2020/12/02,1800 UTC,0.0,880.6,881.1,880.6,19.7,17.8,20.3,18.6,18.0,17.0,91.0,84.0,89.0,178.0,7.3,3.5
2020/12/02,1900 UTC,0.0,879.8,880.6,879.7,19.4,18.4,19.6,18.9,18.5,17.5,94.0,89.0,94.0,141.0,7.8,4.9
2020/12/02,2000 UTC,0.0,880.3,880.3,879.8,21.5,18.7,21.6,19.3,18.9,18.0,94.0,84.0,84.0,268.0,6.9,2.2
2020/12/02,2100 UTC,0.0,880.1,880.4,880.0,19.0,18.1,21.7,19.0,19.3,18.1,95.0,84.0,95.0,133.0,6.8,4.4
2020/12/02,2200 UTC,0.0,880.6,880.6,880.1,18.7,17.6,19.0,18.5,18.2,17.6,95.0,93.0,93.0,110.0,6.1,4.2
2020/12/02,2300 UTC,0.0,880.9,880.9,880.6,18.6,17.6,19.0,18.6,17.7,17.5,94.0,91.0,94.0,134.0,6.8,4.8
2020/12/03,0000 UTC,0.0,881.2,881.2,880.8,18.7,17.4,18.8,18.5,17.6,17.4,94.0,92.0,92.0,116.0,6.8,4.1
2020/12/03,0100 UTC,0.0,881.3,881.4,881.1,18.9,16.9,19.1,18.7,17.4,16.8,92.0,87.0,89.0,105.0,8.5,5.6
2020/12/03,0200 UTC,0.0,881.3,881.4,881.2,18.9,16.9,19.0,18.7,17.0,16.9,90.0,88.0,88.0,112.0,8.2,4.9
2020/12/03,0300 UTC,0.0,880.7,881.3,880.7,19.3,17.0,19.3,18.9,17.0,16.8,88.0,86.0,87.0,102.0,6.5,5.1
2020/12/03,0400 UTC,0.0,879.8,880.7,879.8,18.9,17.0,19.3,18.8,17.0,16.9,89.0,87.0,89.0,113.0,8.6,4.1
2020/12/03,0500 UTC,0.0,879.5,879.8,879.5,19.0,17.2,19.0,18.4,17.2,16.8,91.0,88.0,89.0,130.0,6.2,3.0
2020/12/03,0600 UTC,0.0,879.3,879.5,879.3,19.1,17.1,19.6,18.8,17.4,17.0,90.0,86.0,88.0,102.0,4.4,2.5
2020/12/03,0700 UTC,0.0,879.2,879.3,879.0,19.2,17.2,19.2,18.6,17.3,17.0,91.0,88.0,88.0,77.0,5.5,3.4
2020/12/03,0800 UTC,0.0,880.1,880.1,879.2,19.3,17.2,19.4,19.2,17.2,17.0,88.0,87.0,88.0,95.0,4.9,1.9
2020/12/03,0900 UTC,0.0,880.7,880.7,880.1,20.1,17.5,20.1,19.3,17.5,17.0,87.0,84.0,85.0,50.0,4.5,2.4
2020/12/03,1000 UTC,0.0,881.3,881.3,880.7,20.4,17.5,20.5,20.1,17.8,17.3,85.0,83.0,84.0,43.0,4.3,2.4
2020/12/03,1100 UTC,0.0,881.6,881.6,881.2,23.3,18.8,23.7,20.3,19.5,17.5,86.0,73.0,76.0,77.0,4.8,2.2
2020/12/03,1200 UTC,0.0,882.0,882.1,881.6,23.2,18.7,23.9,22.8,19.5,18.1,78.0,73.0,76.0,47.0,4.9,2.8
2020/12/03,1300 UTC,0.0,881.9,882.1,881.9,22.6,18.7,23.2,21.9,18.9,17.8,80.0,75.0,79.0,30.0,4.7,1.6
2020/12/03,1400 UTC,0.0,881.6,881.9,881.6,23.7,18.9,23.9,22.5,19.4,18.1,79.0,73.0,75.0,344.0,7.1,2.4
2020/12/03,1500 UTC,0.0,881.2,881.6,881.2,23.4,18.6,25.2,23.1,19.9,18.1,76.0,70.0,74.0,325.0,8.6,4.1
2020/12/03,1600 UTC,4.2,881.1,881.3,880.7,18.8,17.5,23.8,18.8,19.4,17.4,92.0,74.0,92.0,330.0,14.7,6.6
2020/12/03,1700 UTC,0.4,880.1,881.1,880.1,20.8,19.3,20.9,18.8,19.9,17.5,95.0,91.0,91.0,336.0,12.3,2.6
2020/12/03,1800 UTC,0.0,879.6,880.1,879.6,21.3,18.9,21.5,20.8,19.5,18.2,91.0,85.0,86.0,319.0,6.9,2.0
2020/12/03,1900 UTC,0.0,879.1,879.6,879.1,21.9,18.4,22.2,21.2,19.1,18.2,87.0,80.0,80.0,331.0,4.0,1.8
2020/12/03,2000 UTC,0.0,879.2,879.2,879.1,22.0,18.2,22.2,21.5,18.8,17.8,82.0,78.0,79.0,310.0,3.7,2.1
2020/12/03,2100 UTC,0.0,880.1,880.1,879.1,21.5,17.6,23.1,21.5,19.0,17.6,79.0,75.0,79.0,306.0,6.8,2.5
2020/12/03,2200 UTC,0.0,880.8,880.8,880.1,21.0,17.9,21.7,21.0,17.9,17.4,83.0,77.0,83.0,319.0,7.7,3.2
2020/12/03,2300 UTC,0.0,882.2,882.2,880.8,20.3,18.3,21.0,20.2,18.4,17.9,89.0,83.0,88.0,292.0,7.0,1.7
2020/12/04,0000 UTC,0.0,882.7,882.7,882.2,20.4,18.2,20.4,20.0,18.7,18.2,90.0,87.0,87.0,276.0,7.2,4.1
2020/12/04,0100 UTC,0.0,882.7,882.9,882.7,20.1,17.0,20.4,19.8,18.2,16.9,87.0,82.0,82.0,142.0,9.0,3.6
2020/12/04,0200 UTC,0.0,882.9,882.9,882.6,20.4,16.4,20.7,20.1,17.0,16.3,83.0,77.0,78.0,172.0,7.9,2.8
2020/12/04,0300 UTC,0.0,882.3,882.8,882.3,19.5,17.0,21.0,19.5,17.0,15.9,85.0,73.0,85.0,123.0,6.6,3.4
2020/12/04,0400 UTC,0.0,882.0,882.3,882.0,19.9,17.7,19.9,19.5,17.7,16.9,87.0,84.0,87.0,345.0,4.4,0.9
2020/12/04,0500 UTC,0.0,881.2,882.0,881.2,19.5,17.8,19.9,19.3,18.0,17.3,91.0,87.0,90.0,95.0,2.4,1.1
2020/12/04,0600 UTC,0.0,880.7,881.2,880.7,19.2,17.1,19.7,19.1,18.3,17.1,92.0,88.0,88.0,171.0,2.8,1.9
2020/12/04,0700 UTC,0.0,880.6,880.7,880.5,19.9,16.7,20.1,19.2,17.3,16.7,88.0,81.0,82.0,269.0,3.9,3.4
2020/12/04,0800 UTC,0.0,880.4,880.6,880.3,21.2,15.0,21.5,19.9,16.6,15.0,82.0,67.0,68.0,176.0,5.5,3.3
2020/12/04,0900 UTC,0.0,881.3,881.3,880.4,21.2,16.0,21.4,21.0,16.0,15.0,72.0,67.0,72.0,265.0,6.2,1.6
2020/12/04,1000 UTC,0.0,882.1,882.1,881.3,20.7,17.4,21.2,20.3,17.4,15.9,82.0,72.0,81.0,261.0,2.4,1.2
2020/12/04,1100 UTC,0.0,882.9,882.9,882.1,20.7,19.0,20.7,20.4,19.1,17.3,91.0,81.0,90.0,340.0,2.9,1.4
2020/12/04,1200 UTC,0.0,883.4,883.4,882.9,21.4,19.3,21.5,20.4,19.5,18.8,91.0,88.0,88.0,327.0,4.5,2.1
2020/12/04,1300 UTC,0.0,883.4,883.6,883.4,22.7,19.6,22.7,21.3,19.7,19.0,88.0,81.0,82.0,330.0,4.8,2.6
2020/12/04,1400 UTC,0.0,883.3,883.5,883.3,25.2,19.2,26.2,22.7,20.6,18.9,83.0,68.0,70.0,319.0,5.8,2.8
2020/12/04,1500 UTC,0.0,882.8,883.3,882.8,26.4,19.2,27.7,25.2,20.6,18.8,71.0,61.0,64.0,324.0,7.3,3.2
2020/12/04,1600 UTC,0.0,882.4,882.8,882.4,28.8,19.2,28.8,26.0,20.3,17.7,65.0,55.0,56.0,321.0,8.0,3.5
2020/12/04,1700 UTC,0.0,881.5,882.4,881.5,28.1,18.9,29.4,27.7,19.8,17.9,59.0,53.0,58.0,300.0,9.4,2.7
2020/12/04,1800 UTC,0.0,880.0,881.5,880.0,28.8,18.9,29.8,27.5,20.1,18.0,59.0,52.0,55.0,311.0,7.3,3.4
2020/12/04,1900 UTC,0.0,879.7,880.0,879.7,28.6,18.4,30.0,27.9,19.7,18.3,58.0,51.0,54.0,270.0,6.8,1.8
2020/12/04,2000 UTC,0.0,880.4,880.4,879.7,23.4,17.8,28.8,23.4,18.9,17.4,71.0,54.0,71.0,151.0,8.9,4.4
2020/12/04,2100 UTC,1.0,880.6,880.7,880.3,21.2,18.1,23.4,20.7,18.4,17.3,84.0,70.0,83.0,128.0,8.4,5.3
2020/12/04,2200 UTC,0.0,880.9,880.9,880.6,22.3,14.7,22.3,21.1,17.9,14.7,82.0,62.0,62.0,132.0,9.8,7.2
2020/12/04,2300 UTC,0.0,881.5,881.5,880.9,22.8,16.8,22.8,22.0,16.8,14.8,69.0,62.0,69.0,149.0,9.8,6.6
2020/12/05,0000 UTC,0.0,882.2,882.3,881.5,21.4,17.7,23.1,21.4,17.8,16.9,80.0,69.0,80.0,142.0,9.6,7.7
2020/12/05,0100 UTC,0.0,882.5,882.6,882.2,21.1,17.5,21.4,20.6,17.7,17.1,81.0,79.0,80.0,146.0,11.4,8.3
2020/12/05,0200 UTC,0.0,882.7,882.8,882.5,19.8,17.6,21.4,19.8,17.6,17.3,87.0,79.0,87.0,130.0,11.4,7.6
2020/12/05,0300 UTC,0.0,882.2,882.7,882.1,20.1,17.2,20.1,19.9,17.7,17.2,87.0,83.0,83.0,140.0,12.5,8.3
2020/12/05,0400 UTC,0.0,881.1,882.2,881.1,20.2,17.2,20.2,19.9,17.2,16.8,84.0,81.0,83.0,134.0,12.1,9.3
2020/12/05,0500 UTC,0.0,881.0,881.1,880.9,20.0,18.0,20.3,20.0,18.0,17.2,88.0,83.0,88.0,131.0,12.2,6.4
2020/12/05,0600 UTC,0.0,880.6,881.1,880.6,19.7,18.2,20.1,19.6,18.2,17.9,91.0,88.0,91.0,135.0,13.6,9.4
2020/12/05,0700 UTC,0.0,881.1,881.1,880.6,19.4,18.1,19.7,19.3,18.2,18.0,93.0,91.0,93.0,134.0,13.6,5.0
2020/12/05,0800 UTC,0.0,881.4,881.4,881.1,19.3,18.3,19.4,19.1,18.3,18.0,94.0,93.0,94.0,129.0,8.7,6.6
2020/12/05,0900 UTC,0.0,882.2,882.2,881.5,20.1,18.9,20.1,19.2,18.9,18.3,95.0,92.0,92.0,131.0,9.5,5.4
2020/12/05,1000 UTC,0.0,882.9,882.9,882.2,20.7,19.2,20.9,20.1,19.3,18.5,92.0,89.0,91.0,118.0,8.3,5.9
2020/12/05,1100 UTC,0.0,883.5,883.5,882.9,22.7,20.3,22.7,20.7,20.5,19.0,91.0,86.0,86.0,123.0,9.2,5.2
2020/12/05,1200 UTC,0.0,883.7,883.7,883.4,25.4,20.3,26.2,22.1,21.7,19.3,86.0,72.0,74.0,118.0,8.6,3.9
2020/12/05,1300 UTC,0.0,883.9,884.1,883.7,26.5,20.1,27.2,23.8,21.6,19.5,79.0,67.0,68.0,112.0,6.8,3.9
2020/12/05,1400 UTC,0.0,883.7,883.9,883.7,25.2,20.0,26.8,25.2,21.6,20.0,75.0,68.0,73.0,102.0,7.5,4.2
2020/12/05,1500 UTC,0.0,882.7,883.7,882.7,29.0,21.0,29.0,25.2,21.3,20.0,73.0,62.0,62.0,100.0,9.2,3.8
2020/12/05,1600 UTC,0.0,881.9,882.6,881.9,28.1,19.6,29.3,26.9,21.2,19.1,65.0,58.0,60.0,104.0,7.5,3.0
2020/12/05,1700 UTC,0.0,881.1,881.9,881.1,25.5,18.8,29.2,25.4,20.8,17.4,69.0,56.0,67.0,48.0,8.3,1.8
2020/12/05,1800 UTC,9.2,881.2,881.3,880.9,20.4,19.0,25.5,20.4,19.2,18.5,92.0,66.0,92.0,331.0,9.8,5.2
2020/12/05,1900 UTC,7.2,881.1,881.5,881.1,20.1,18.9,20.6,19.8,19.4,18.5,94.0,91.0,93.0,147.0,9.8,2.7
2020/12/05,2000 UTC,0.2,880.4,881.2,880.4,19.4,18.4,20.1,19.2,18.9,17.5,94.0,87.0,94.0,132.0,10.1,7.5
2020/12/05,2100 UTC,0.0,879.8,880.4,879.8,19.5,18.4,19.6,19.4,18.8,18.4,95.0,93.0,93.0,127.0,10.0,6.7
2020/12/05,2200 UTC,0.0,881.0,881.0,879.8,20.0,18.6,20.0,19.5,18.6,18.3,93.0,92.0,92.0,130.0,8.6,7.0
2020/12/05,2300 UTC,0.0,881.3,881.3,880.9,20.1,18.6,20.2,19.8,18.7,18.3,92.0,91.0,91.0,125.0,10.6,7.4
2020/12/06,0000 UTC,0.0,881.7,881.7,881.3,19.3,18.2,20.1,19.3,18.6,18.1,93.0,91.0,93.0,115.0,10.6,5.7
2020/12/06,0100 UTC,0.0,882.1,882.1,881.7,19.4,18.1,19.4,19.1,18.3,18.1,94.0,92.0,92.0,127.0,9.5,6.8
2020/12/06,0200 UTC,0.0,881.9,882.3,881.9,19.5,18.0,19.5,19.3,18.1,18.0,92.0,91.0,91.0,120.0,8.6,6.9
2020/12/06,0300 UTC,0.0,881.2,881.9,881.2,19.5,18.1,19.7,19.4,18.2,18.0,92.0,90.0,92.0,134.0,10.3,7.2
2020/12/06,0400 UTC,0.0,880.8,881.5,880.8,19.2,18.2,19.5,19.1,18.2,18.0,94.0,91.0,94.0,116.0,9.4,6.7
2020/12/06,0500 UTC,0.0,880.5,880.9,880.5,19.1,18.2,19.3,19.1,18.3,18.1,94.0,94.0,94.0,122.0,9.0,7.2
2020/12/06,0600 UTC,0.0,880.6,880.6,880.5,19.1,18.3,19.2,19.0,18.3,18.2,95.0,94.0,95.0,124.0,11.3,7.7
2020/12/06,0700 UTC,0.0,880.7,880.8,880.5,19.0,18.3,19.1,18.9,18.4,18.3,96.0,95.0,96.0,119.0,9.7,7.2
2020/12/06,0800 UTC,0.0,880.8,880.9,880.6,19.0,18.3,19.1,19.0,18.3,18.3,96.0,95.0,96.0,116.0,10.0,7.0
2020/12/06,0900 UTC,0.0,881.2,881.2,880.8,19.1,18.5,19.1,19.0,18.5,18.3,97.0,96.0,97.0,125.0,10.3,8.4
2020/12/06,1000 UTC,0.0,881.4,881.5,881.2,19.6,18.7,19.6,19.1,18.7,18.5,97.0,95.0,95.0,119.0,12.0,9.3
2020/12/06,1100 UTC,0.0,882.1,882.2,881.4,19.4,18.7,19.6,19.3,18.7,18.5,96.0,95.0,96.0,116.0,12.5,6.6
2020/12/06,1200 UTC,0.0,882.6,882.6,882.1,19.2,18.7,19.7,18.9,19.0,18.2,97.0,95.0,97.0,104.0,10.5,5.1
2020/12/06,1300 UTC,0.4,882.6,882.7,882.6,20.2,19.3,20.2,19.0,19.4,18.4,97.0,94.0,95.0,101.0,7.2,4.5
2020/12/06,1400 UTC,0.0,882.3,882.6,882.3,21.1,19.2,21.3,20.1,19.7,18.9,95.0,88.0,89.0,107.0,8.2,6.2
2020/12/06,1500 UTC,0.0,881.9,882.4,881.9,23.5,19.8,23.6,21.0,20.8,18.9,90.0,80.0,80.0,106.0,9.2,6.2
2020/12/06,1600 UTC,0.0,881.4,881.9,881.4,23.7,19.9,23.9,22.6,20.3,19.0,82.0,78.0,79.0,118.0,8.9,5.2
2020/12/06,1700 UTC,0.2,880.8,881.4,880.7,22.4,19.1,24.0,22.4,20.1,19.1,82.0,77.0,82.0,99.0,7.9,4.8
2020/12/06,1800 UTC,0.0,880.4,880.8,880.4,22.0,19.1,22.6,21.9,19.5,18.9,85.0,82.0,83.0,112.0,7.6,3.7
2020/12/06,1900 UTC,0.0,879.7,880.4,879.7,21.0,18.8,22.2,21.0,19.4,18.8,87.0,83.0,87.0,82.0,6.4,3.9
2020/12/06,2000 UTC,0.0,879.5,879.8,879.4,20.3,19.1,21.4,20.3,19.3,18.8,93.0,86.0,92.0,67.0,7.0,3.2
2020/12/06,2100 UTC,0.0,879.9,879.9,879.3,20.1,18.6,20.3,20.1,19.0,18.6,93.0,91.0,91.0,108.0,5.8,3.7
2020/12/06,2200 UTC,0.0,880.4,880.4,879.9,19.7,18.6,20.1,19.7,18.7,18.6,93.0,91.0,93.0,118.0,7.3,3.8
2020/12/06,2300 UTC,0.0,880.8,880.8,880.4,19.7,18.4,19.8,19.6,18.6,18.3,94.0,92.0,92.0,106.0,8.4,6.1
2020/12/07,0000 UTC,0.0,881.4,881.6,880.8,19.8,18.5,20.0,19.7,18.5,18.4,92.0,91.0,92.0,98.0,8.4,6.1
2020/12/07,0100 UTC,0.0,881.7,881.7,881.4,19.4,18.4,19.8,19.4,18.5,18.4,94.0,92.0,94.0,90.0,8.3,4.3
2020/12/07,0200 UTC,0.0,881.5,881.7,881.5,19.1,18.4,19.4,19.1,18.4,18.3,96.0,94.0,96.0,96.0,6.7,4.7
2020/12/07,0300 UTC,0.0,881.1,881.5,881.1,19.1,18.3,19.3,19.1,18.5,18.3,96.0,94.0,95.0,105.0,7.5,4.4
2020/12/07,0400 UTC,0.0,880.4,881.1,880.4,18.8,18.2,19.1,18.8,18.4,18.2,96.0,95.0,96.0,100.0,7.6,4.7
2020/12/07,0500 UTC,0.0,880.2,880.4,880.2,18.7,18.1,18.8,18.6,18.2,18.0,96.0,96.0,96.0,100.0,7.0,4.4
2020/12/07,0600 UTC,0.0,880.2,880.3,880.1,18.5,17.9,18.7,18.5,18.1,17.9,96.0,96.0,96.0,98.0,7.0,4.0
2020/12/07,0700 UTC,0.0,880.2,880.2,880.0,18.4,17.9,18.5,18.3,17.9,17.8,97.0,96.0,97.0,108.0,7.0,5.0
2020/12/07,0800 UTC,0.0,880.7,880.7,880.2,18.4,17.9,18.5,18.2,17.9,17.7,97.0,97.0,97.0,105.0,6.9,4.5
2020/12/07,0900 UTC,0.0,881.3,881.3,880.7,18.7,18.2,18.8,18.4,18.2,17.8,97.0,96.0,96.0,97.0,6.1,3.6
2020/12/07,1000 UTC,0.0,881.8,881.8,881.3,19.8,18.8,19.8,18.7,18.9,18.1,96.0,94.0,94.0,57.0,5.0,2.4
2020/12/07,1100 UTC,0.0,882.1,882.1,881.8,20.6,18.8,20.6,19.8,19.0,18.3,94.0,89.0,89.0,36.0,5.3,2.2
2020/12/07,1200 UTC,0.0,882.3,882.4,882.1,21.5,18.4,22.8,20.6,19.8,18.4,90.0,81.0,82.0,3.0,6.8,2.5
2020/12/07,1300 UTC,0.0,881.9,882.4,881.9,23.4,19.4,24.0,21.2,20.3,18.4,87.0,75.0,79.0,2.0,6.8,2.7
2020/12/07,1400 UTC,9.6,881.9,882.2,881.8,19.8,19.0,23.4,18.9,19.5,17.7,96.0,78.0,95.0,310.0,11.2,2.6
2020/12/07,1500 UTC,0.6,881.3,882.0,881.3,20.0,19.3,20.0,19.3,19.4,18.6,97.0,95.0,96.0,295.0,11.6,2.4
2020/12/07,1600 UTC,0.0,880.5,881.3,880.5,21.5,19.9,21.6,20.0,20.4,19.3,96.0,91.0,91.0,323.0,5.2,2.3
2020/12/07,1700 UTC,0.0,879.8,880.5,879.8,22.8,20.0,23.3,21.5,21.1,20.0,92.0,84.0,84.0,47.0,4.9,2.4
2020/12/07,1800 UTC,0.0,879.4,879.8,879.2,22.9,20.4,24.0,22.6,20.9,19.6,87.0,79.0,86.0,94.0,6.1,3.4
2020/12/07,1900 UTC,0.2,879.5,879.7,879.2,20.7,19.4,22.8,20.5,20.4,18.8,93.0,84.0,93.0,59.0,7.4,1.1
2020/12/07,2000 UTC,0.2,879.5,879.6,879.3,20.1,19.5,20.7,20.1,19.5,19.2,96.0,92.0,96.0,94.0,4.9,3.3
2020/12/07,2100 UTC,0.0,880.2,880.2,879.5,19.9,18.5,20.2,19.8,19.6,18.5,96.0,92.0,92.0,101.0,5.6,2.7
2020/12/07,2200 UTC,0.2,880.4,880.4,880.0,20.1,18.9,20.2,19.9,19.0,18.4,93.0,90.0,93.0,57.0,4.6,1.6
2020/12/07,2300 UTC,0.2,880.9,880.9,880.1,19.6,18.9,20.1,19.5,19.0,18.1,96.0,92.0,95.0,63.0,4.7,3.4
2020/12/08,0000 UTC,0.0,881.4,881.4,880.9,19.5,17.9,19.7,19.5,18.8,17.5,95.0,87.0,91.0,91.0,5.7,3.5
2020/12/08,0100 UTC,0.0,881.5,881.7,881.4,19.7,18.7,19.8,19.4,18.7,17.6,94.0,88.0,94.0,100.0,4.7,2.9
2020/12/08,0200 UTC,0.0,881.0,881.5,881.0,19.9,18.2,19.9,19.7,18.7,18.1,94.0,89.0,90.0,67.0,5.0,2.7
2020/12/08,0300 UTC,0.0,880.4,881.1,880.4,19.8,18.2,19.9,19.7,18.4,18.0,91.0,89.0,90.0,46.0,6.1,4.1
2020/12/08,0400 UTC,0.8,880.1,880.6,880.1,19.4,18.2,19.8,19.3,18.3,18.0,93.0,90.0,92.0,9.0,6.1,2.5
2020/12/08,0500 UTC,0.0,880.0,880.1,880.0,19.1,18.1,19.4,19.1,18.3,18.1,94.0,92.0,94.0,22.0,4.8,2.1
2020/12/08,0600 UTC,0.0,879.9,880.1,879.9,19.0,18.3,19.1,18.9,18.3,18.1,96.0,94.0,95.0,339.0,5.5,3.3
2020/12/08,0700 UTC,0.0,880.0,880.0,879.9,18.9,18.1,19.1,18.9,18.3,18.1,95.0,95.0,95.0,344.0,6.3,2.9
2020/12/08,0800 UTC,0.0,880.5,880.5,879.9,19.0,18.3,19.0,18.8,18.3,18.1,96.0,95.0,96.0,335.0,5.9,3.4
2020/12/08,0900 UTC,0.0,881.0,881.0,880.5,19.1,18.6,19.1,18.9,18.6,18.2,97.0,96.0,97.0,333.0,6.3,2.7
2020/12/08,1000 UTC,0.0,881.2,881.3,881.0,19.3,18.7,19.4,19.1,18.9,18.5,97.0,96.0,97.0,357.0,6.0,2.7
2020/12/08,1100 UTC,0.0,881.5,881.5,881.2,20.2,19.4,20.3,19.2,19.6,18.7,97.0,95.0,95.0,349.0,6.7,2.9
2020/12/08,1200 UTC,0.0,881.7,881.8,881.5,20.3,19.6,20.3,20.0,19.6,19.2,96.0,95.0,95.0,333.0,7.2,3.6
2020/12/08,1300 UTC,0.0,881.4,881.7,881.4,22.5,20.0,22.9,20.3,20.9,19.2,95.0,85.0,85.0,323.0,8.4,3.4
2020/12/08,1400 UTC,0.0,881.0,881.4,881.0,21.7,18.9,24.3,21.7,21.0,18.9,87.0,79.0,84.0,351.0,8.1,3.8
2020/12/08,1500 UTC,0.0,880.4,881.0,880.4,23.9,21.0,23.9,21.1,21.1,18.8,88.0,84.0,84.0,11.0,9.3,2.5
2020/12/08,1600 UTC,0.2,880.3,880.4,880.0,23.1,19.5,24.1,22.0,21.2,19.1,88.0,80.0,80.0,328.0,9.3,3.4
2020/12/08,1700 UTC,0.0,879.2,880.3,879.2,24.3,20.5,24.3,22.5,20.5,18.9,83.0,78.0,79.0,340.0,9.4,2.3
2020/12/08,1800 UTC,0.0,879.3,879.3,878.9,23.9,18.8,24.7,23.3,20.3,18.6,79.0,71.0,73.0,315.0,7.7,3.2
2020/12/08,1900 UTC,0.0,878.8,879.3,878.8,26.1,18.8,26.4,23.9,19.9,18.6,73.0,64.0,64.0,315.0,7.4,3.6
2020/12/08,2000 UTC,0.0,879.0,879.0,878.7,23.5,18.1,26.1,23.5,18.7,18.0,73.0,64.0,72.0,345.0,7.4,2.8
2020/12/08,2100 UTC,0.0,879.5,879.5,879.0,21.7,19.3,23.5,21.7,19.6,18.0,86.0,71.0,86.0,46.0,8.4,3.0
2020/12/08,2200 UTC,0.0,879.6,879.7,879.4,20.8,19.0,21.7,20.7,19.3,18.9,90.0,86.0,90.0,122.0,5.9,1.4
2020/12/08,2300 UTC,0.0,880.3,880.3,879.5,20.4,18.5,20.8,20.4,19.0,18.5,90.0,89.0,89.0,42.0,3.3,1.6
2020/12/09,0000 UTC,0.0,880.8,880.9,880.3,20.6,18.7,20.6,20.4,18.8,18.5,90.0,88.0,89.0,49.0,2.4,1.7
2020/12/09,0100 UTC,0.0,881.4,881.4,880.8,20.4,18.4,20.6,20.3,18.6,18.4,90.0,88.0,89.0,22.0,3.0,1.6
2020/12/09,0200 UTC,0.0,880.9,881.4,880.9,20.3,18.5,20.4,20.2,18.5,18.3,90.0,88.0,89.0,89.0,3.7,1.2
2020/12/09,0300 UTC,0.0,880.6,880.9,880.5,19.9,18.3,20.3,19.8,18.5,18.3,92.0,89.0,91.0,111.0,3.6,1.5
2020/12/09,0400 UTC,0.0,880.2,880.6,880.1,19.7,18.6,19.9,19.6,18.6,18.0,94.0,89.0,94.0,117.0,3.5,1.8
2020/12/09,0500 UTC,0.6,879.5,880.2,879.5,19.3,18.0,19.9,19.1,18.6,17.7,94.0,91.0,92.0,359.0,4.7,1.1
2020/12/09,0600 UTC,19.2,879.2,879.6,879.2,17.8,17.5,19.3,17.8,18.0,17.5,98.0,91.0,98.0,109.0,9.7,7.3
2020/12/09,0700 UTC,29.2,879.7,880.0,879.0,16.8,16.6,17.8,16.7,17.5,16.4,99.0,98.0,98.0,168.0,13.0,5.9
2020/12/09,0800 UTC,7.6,880.7,880.7,879.7,17.4,17.1,17.9,16.8,17.6,16.6,99.0,98.0,99.0,142.0,8.0,3.5
2020/12/09,0900 UTC,4.4,881.4,881.4,880.6,17.3,17.1,17.4,17.1,17.1,16.8,99.0,99.0,99.0,172.0,5.7,1.6
2020/12/09,1000 UTC,2.0,881.8,881.8,881.4,17.3,17.0,17.3,17.1,17.1,16.9,99.0,99.0,99.0,163.0,4.5,2.9
2020/12/09,1100 UTC,0.2,882.1,882.1,881.8,18.5,18.2,18.5,17.3,18.2,17.0,99.0,98.0,98.0,149.0,3.7,2.2
2020/12/09,1200 UTC,0.0,882.5,882.5,882.1,18.7,18.3,18.8,18.5,18.5,18.1,98.0,98.0,98.0,143.0,4.8,3.3
2020/12/09,1300 UTC,0.6,882.1,882.5,882.1,19.0,18.4,19.7,18.3,19.3,17.9,98.0,96.0,96.0,134.0,5.3,3.8
2020/12/09,1400 UTC,8.6,881.8,882.2,881.8,18.9,18.6,19.0,18.3,18.6,17.9,98.0,96.0,98.0,121.0,7.1,5.6
2020/12/09,1500 UTC,0.6,881.8,881.9,881.7,19.8,19.3,19.9,18.5,19.5,18.1,98.0,97.0,97.0,56.0,7.1,2.1
2020/12/09,1600 UTC,0.0,881.5,881.8,881.5,20.3,19.1,20.5,19.4,19.6,18.8,97.0,92.0,93.0,129.0,4.9,0.8
2020/12/09,1700 UTC,0.0,880.8,881.5,880.8,20.4,19.1,20.6,20.0,19.3,18.5,93.0,89.0,92.0,309.0,2.2,0.9
2020/12/09,1800 UTC,0.0,879.9,880.8,879.9,21.6,19.3,22.1,20.2,20.3,18.7,94.0,86.0,87.0,51.0,3.1,1.9
2020/12/09,1900 UTC,0.0,879.6,879.9,879.6,22.4,19.1,22.7,21.3,19.8,18.8,88.0,82.0,82.0,302.0,3.3,1.3
2020/12/09,2000 UTC,0.0,879.6,879.7,879.4,21.8,18.3,22.9,21.8,19.5,18.2,83.0,79.0,80.0,298.0,4.6,2.5
2020/12/09,2100 UTC,0.0,879.7,879.7,879.4,21.3,18.2,22.0,21.3,18.7,18.1,82.0,80.0,82.0,219.0,4.0,1.8
2020/12/09,2200 UTC,0.0,880.3,880.3,879.7,19.9,18.8,21.3,19.9,18.9,17.8,94.0,82.0,93.0,131.0,5.2,3.1
2020/12/09,2300 UTC,0.0,881.0,881.0,880.3,19.3,16.9,20.0,19.0,18.8,16.6,93.0,86.0,86.0,55.0,6.1,1.0
2020/12/10,0000 UTC,0.0,881.4,881.4,881.0,19.5,16.9,19.6,19.2,16.9,16.3,86.0,83.0,85.0,104.0,3.4,2.5
2020/12/10,0100 UTC,0.0,881.6,881.7,881.4,19.5,18.2,19.5,19.4,18.2,17.0,92.0,85.0,92.0,137.0,3.8,2.7
2020/12/10,0200 UTC,0.6,881.4,881.7,881.4,19.0,18.0,19.5,19.0,18.4,18.0,95.0,92.0,94.0,84.0,10.5,3.8
2020/12/10,0300 UTC,9.6,880.7,881.5,880.7,17.5,15.9,19.0,17.4,18.0,15.6,97.0,89.0,90.0,124.0,10.5,3.1
2020/12/10,0400 UTC,6.2,880.5,880.7,880.5,17.3,16.4,17.7,17.3,16.8,15.9,95.0,90.0,95.0,23.0,4.8,2.1
2020/12/10,0500 UTC,9.2,880.1,880.6,880.1,17.9,17.0,18.1,16.8,17.4,15.9,97.0,94.0,95.0,197.0,6.4,0.8
2020/12/10,0600 UTC,0.8,879.6,880.1,879.6,18.5,17.7,18.6,17.9,17.7,17.0,96.0,94.0,95.0,296.0,5.8,2.0
2020/12/10,0700 UTC,0.0,879.6,879.7,879.5,18.4,17.7,18.6,18.4,17.8,17.6,96.0,95.0,96.0,296.0,4.4,2.0
2020/12/10,0800 UTC,0.0,879.9,879.9,879.6,18.4,17.7,18.5,18.4,17.8,17.7,96.0,95.0,96.0,273.0,3.5,1.9
2020/12/10,0900 UTC,0.0,880.5,880.5,879.9,18.6,17.7,18.6,18.4,18.0,17.7,96.0,95.0,95.0,261.0,4.8,3.6
2020/12/10,1000 UTC,0.0,881.1,881.1,880.5,19.1,17.9,19.1,18.5,18.5,17.6,96.0,92.0,93.0,272.0,5.7,2.4
2020/12/10,1100 UTC,0.0,881.3,881.3,881.0,19.5,18.2,19.8,19.1,18.9,17.9,96.0,91.0,92.0,264.0,5.5,3.3
2020/12/10,1200 UTC,0.4,881.8,881.9,881.3,18.7,17.3,19.6,18.7,18.3,17.1,93.0,88.0,92.0,264.0,5.8,3.5
2020/12/10,1300 UTC,6.6,882.0,882.0,881.7,18.4,18.0,18.7,18.4,18.0,17.3,97.0,92.0,97.0,271.0,5.1,3.5
2020/12/10,1400 UTC,0.6,882.1,882.1,881.9,19.2,18.5,19.2,18.2,18.7,17.6,97.0,96.0,96.0,4.0,5.4,1.0
2020/12/10,1500 UTC,0.2,881.5,882.1,881.5,18.1,17.1,19.6,18.1,18.9,17.1,96.0,92.0,94.0,136.0,11.3,7.9
2020/12/10,1600 UTC,0.4,881.2,881.5,881.1,17.5,17.0,18.1,17.5,17.5,16.6,97.0,93.0,97.0,129.0,11.3,6.1
2020/12/10,170nome0 UTC,0.6,880.6,881.2,880.6,18.8,17.7,18.8,17.4,18.0,16.9,97.0,93.0,94.0,141.0,7.9,3.5
2020/12/10,1800 UTC,0.0,880.1,880.6,879.9,20.3,18.6,20.3,18.8,18.9,17.0,94.0,88.0,90.0,115.0,5.4,1.8
2020/12/10,1900 UTC,0.0,879.9,880.1,879.8,20.2,18.2,20.4,20.0,18.7,17.4,91.0,85.0,88.0,286.0,2.7,0.5
2020/12/10,2000 UTC,0.0,879.6,879.9,879.6,21.8,18.8,22.2,20.2,19.6,18.2,89.0,82.0,83.0,112.0,2.4,1.6
2020/12/10,2100 UTC,0.0,879.8,879.9,879.6,19.0,17.5,21.8,19.0,19.0,17.5,91.0,83.0,91.0,113.0,4.6,3.4
2020/12/10,2200 UTC,0.0,880.2,880.3,879.8,18.0,16.7,19.0,18.0,17.5,16.7,92.0,91.0,92.0,130.0,6.1,4.3
2020/12/10,2300 UTC,0.0,881.2,881.2,880.2,18.2,16.8,18.2,18.0,16.8,16.5,92.0,90.0,91.0,134.0,6.6,4.0
2020/12/11,0000 UTC,0.0,882.0,882.0,881.2,18.3,16.9,18.6,18.2,17.1,16.8,91.0,90.0,91.0,125.0,5.5,3.2
2020/12/11,0100 UTC,0.0,882.2,882.2,882.0,17.9,16.7,18.6,17.9,17.0,16.7,93.0,90.0,93.0,123.0,5.1,3.2
2020/12/11,0200 UTC,0.0,882.1,882.3,882.0,18.0,16.6,18.0,17.8,16.8,16.6,93.0,92.0,92.0,137.0,7.3,5.6
2020/12/11,0300 UTC,0.0,881.8,882.3,881.8,17.8,16.8,18.0,17.8,16.9,16.6,94.0,92.0,94.0,121.0,7.5,4.5
2020/12/11,0400 UTC,0.2,881.2,881.8,881.2,17.6,16.9,17.8,17.6,17.0,16.8,96.0,94.0,96.0,120.0,7.9,5.7
2020/12/11,0500 UTC,0.0,880.3,881.2,880.3,17.3,16.6,17.6,17.3,17.0,16.6,97.0,95.0,96.0,122.0,9.3,7.7
2020/12/11,0600 UTC,0.2,880.1,880.4,879.9,17.1,16.5,17.3,17.0,16.6,16.3,96.0,95.0,96.0,122.0,9.3,5.1
2020/12/11,0700 UTC,0.0,880.1,880.1,879.9,17.1,16.6,17.1,17.0,16.6,16.5,97.0,96.0,97.0,123.0,7.9,6.1
2020/12/11,0800 UTC,0.0,881.1,881.1,880.1,17.2,16.4,17.2,17.1,16.6,16.4,97.0,95.0,95.0,117.0,8.7,5.1
2020/12/11,0900 UTC,0.0,882.0,882.0,881.1,17.5,16.7,17.5,17.0,16.7,16.3,95.0,95.0,95.0,91.0,7.0,3.2
2020/12/11,1000 UTC,0.0,882.5,882.5,882.0,18.8,17.5,19.0,17.6,17.7,16.6,95.0,91.0,92.0,56.0,5.8,3.5
2020/12/11,1100 UTC,0.0,883.1,883.1,882.5,19.0,17.6,19.8,18.8,18.2,17.3,92.0,89.0,91.0,352.0,5.8,1.8
2020/12/11,1200 UTC,0.0,883.4,883.4,883.1,19.4,18.0,19.5,19.0,18.3,17.5,93.0,91.0,92.0,346.0,4.8,2.3
2020/12/11,1300 UTC,0.0,883.5,883.6,883.4,20.9,18.8,21.4,19.3,19.5,18.1,93.0,86.0,88.0,29.0,6.0,2.5
2020/12/11,1400 UTC,0.0,883.2,883.5,883.2,21.6,18.7,21.9,20.4,19.1,17.7,88.0,82.0,84.0,355.0,6.2,2.6
2020/12/11,1500 UTC,0.0,882.8,883.2,882.8,23.2,18.8,23.3,21.0,19.2,18.1,85.0,75.0,76.0,351.0,7.1,2.2
2020/12/11,1600 UTC,0.0,882.2,882.8,882.1,24.1,18.1,24.6,23.1,19.1,18.0,77.0,68.0,69.0,333.0,7.3,3.1
2020/12/11,1700 UTC,0.0,881.5,882.2,881.5,25.7,18.8,25.7,23.1,19.2,17.4,73.0,65.0,66.0,326.0,7.3,2.6
2020/12/11,1800 UTC,0.0,880.9,881.5,880.9,25.3,18.0,25.8,24.0,19.1,17.3,69.0,62.0,64.0,298.0,6.4,2.7
2020/12/11,1900 UTC,0.0,880.7,880.9,880.5,25.6,17.9,26.2,24.7,18.6,17.2,65.0,60.0,62.0,313.0,5.4,1.3
2020/12/11,2000 UTC,0.0,880.6,880.7,880.6,23.5,16.6,25.6,23.5,18.1,16.5,69.0,62.0,65.0,286.0,7.1,2.7
2020/12/11,2100 UTC,0.0,881.1,881.1,880.6,22.9,16.2,23.5,22.9,16.7,16.2,67.0,65.0,66.0,260.0,5.1,2.3
2020/12/11,2200 UTC,0.0,882.0,882.0,881.1,21.8,17.2,22.9,21.8,17.3,15.9,76.0,66.0,76.0,47.0,3.1,1.6
2020/12/11,2300 UTC,0.0,882.6,882.6,882.0,21.7,16.9,21.8,21.5,17.3,16.6,77.0,73.0,74.0,72.0,2.9,1.7
2020/12/12,0000 UTC,0.0,883.0,883.0,882.6,20.7,17.6,21.9,20.6,17.6,16.2,82.0,70.0,82.0,113.0,6.4,4.7
2020/12/12,0100 UTC,0.0,883.4,883.4,883.0,20.2,17.9,20.7,20.2,17.9,17.6,87.0,82.0,87.0,107.0,8.8,6.7
2020/12/12,0200 UTC,0.0,883.5,883.6,883.4,19.9,18.3,20.2,19.9,18.3,17.9,90.0,87.0,90.0,111.0,8.8,5.5
2020/12/12,0300 UTC,0.0,882.9,883.7,882.9,19.7,18.2,19.9,19.6,18.3,18.2,92.0,90.0,91.0,114.0,8.9,6.6
2020/12/12,0400 UTC,0.0,882.5,882.9,882.4,19.5,18.1,19.7,19.5,18.2,18.1,92.0,91.0,92.0,96.0,8.5,4.8
2020/12/12,0500 UTC,13.0,882.5,883.0,882.4,17.2,16.4,19.5,17.0,18.2,15.8,96.0,89.0,95.0,89.0,9.2,1.7
2020/12/12,0600 UTC,2.6,882.7,882.8,882.4,17.3,16.8,17.3,17.2,16.8,16.5,97.0,95.0,97.0,104.0,4.2,2.2
2020/12/12,0700 UTC,0.8,882.5,882.7,882.4,17.6,16.6,17.6,17.3,16.9,16.6,97.0,94.0,94.0,129.0,3.3,1.3
2020/12/12,0800 UTC,0.2,882.6,882.6,882.5,18.4,16.7,18.4,17.5,16.8,16.5,94.0,90.0,90.0,299.0,2.5,1.5
2020/12/12,0900 UTC,0.0,883.2,883.2,882.6,18.3,16.9,18.7,18.2,16.9,16.5,92.0,88.0,92.0,68.0,3.5,1.6
2020/12/12,1000 UTC,0.0,883.4,883.4,883.2,21.1,18.7,21.1,18.3,18.7,16.9,92.0,86.0,86.0,104.0,2.9,1.7
2020/12/12,1100 UTC,0.0,883.8,883.8,883.4,22.2,19.7,22.2,20.4,19.8,18.3,90.0,84.0,86.0,108.0,4.2,2.6
2020/12/12,1200 UTC,0.0,884.3,884.3,883.8,23.0,19.4,23.4,22.2,20.3,18.9,87.0,78.0,80.0,36.0,5.8,2.6
2020/12/12,1300 UTC,0.0,884.3,884.3,884.2,24.7,18.9,25.4,23.0,20.5,18.6,80.0,68.0,70.0,32.0,6.9,2.5
2020/12/12,1400 UTC,0.0,884.0,884.3,884.0,26.4,19.8,26.5,24.4,20.5,18.5,74.0,66.0,67.0,34.0,6.3,1.9
2020/12/12,1500 UTC,0.0,883.3,884.0,883.3,26.6,18.8,26.8,25.0,20.1,17.7,69.0,61.0,62.0,5.0,7.1,3.1
2020/12/12,1600 UTC,0.0,882.4,883.3,882.4,26.8,18.8,27.1,25.8,19.7,17.7,66.0,58.0,62.0,14.0,6.6,2.5
2020/12/12,1700 UTC,0.0,881.7,882.4,881.7,26.7,19.9,27.3,24.5,20.4,18.7,73.0,62.0,66.0,49.0,8.3,2.8
2020/12/12,1800 UTC,0.0,881.0,881.7,881.0,27.4,18.8,27.4,26.4,20.1,18.3,68.0,58.0,60.0,37.0,7.4,2.9
2020/12/12,1900 UTC,0.0,880.5,881.0,880.4,26.1,18.0,27.8,26.0,19.1,17.4,61.0,55.0,61.0,30.0,7.1,2.6
2020/12/12,2000 UTC,0.0,880.7,880.9,880.5,25.0,16.8,26.4,25.0,18.2,16.8,62.0,57.0,61.0,59.0,7.3,4.8
2020/12/12,2100 UTC,0.0,881.6,881.6,880.7,23.5,18.3,25.1,23.5,18.4,17.1,73.0,61.0,72.0,47.0,7.3,2.8
2020/12/12,2200 UTC,0.0,882.1,882.2,881.6,22.4,18.1,23.5,22.4,18.2,17.4,77.0,71.0,77.0,110.0,6.0,2.9
2020/12/12,2300 UTC,0.0,882.4,882.5,882.1,21.0,17.7,22.4,20.9,18.1,17.2,81.0,76.0,81.0,133.0,11.8,8.9
2020/12/13,0000 UTC,0.0,882.8,883.0,882.4,20.6,17.8,21.0,20.3,17.8,17.5,85.0,81.0,84.0,113.0,11.8,4.1
2020/12/13,0100 UTC,0.0,883.0,883.0,882.6,20.6,17.9,20.7,20.4,17.9,17.7,85.0,84.0,84.0,98.0,9.6,5.8
2020/12/13,0200 UTC,0.0,883.1,883.2,883.0,20.4,18.4,20.7,20.3,18.4,17.9,88.0,84.0,88.0,97.0,7.8,5.1
2020/12/13,0300 UTC,0.0,882.2,883.2,882.2,20.1,18.4,20.4,20.1,18.5,18.3,90.0,88.0,90.0,106.0,6.6,4.8
2020/12/13,0400 UTC,0.0,882.1,882.3,882.1,20.2,18.6,20.2,20.1,18.6,18.4,91.0,90.0,90.0,81.0,7.2,3.5
2020/12/13,0500 UTC,8.6,881.8,882.2,881.8,19.9,19.1,20.4,19.7,19.1,18.6,96.0,90.0,95.0,66.0,6.5,3.3
2020/12/13,0600 UTC,0.4,881.7,881.9,881.5,19.6,18.9,19.9,19.6,19.1,18.8,96.0,95.0,95.0,103.0,5.8,4.0
2020/12/13,0700 UTC,0.0,882.0,882.0,881.5,19.3,18.7,19.6,19.3,18.9,18.7,97.0,95.0,97.0,112.0,6.8,4.2
2020/12/13,0800 UTC,0.0,882.5,882.5,882.0,19.1,18.6,19.3,19.1,18.7,18.6,97.0,97.0,97.0,107.0,5.9,4.3
2020/12/13,0900 UTC,0.0,883.1,883.1,882.5,19.7,19.0,19.7,19.0,19.0,18.5,97.0,96.0,96.0,102.0,8.4,5.0
2020/12/13,1000 UTC,0.0,883.8,883.8,883.1,20.2,19.0,20.2,19.7,19.1,18.8,96.0,93.0,93.0,105.0,7.3,3.7
2020/12/13,1100 UTC,0.0,884.4,884.4,883.8,21.6,18.8,21.8,20.2,19.8,18.8,93.0,84.0,84.0,79.0,4.7,2.5
2020/12/13,1200 UTC,0.0,884.8,884.8,884.4,22.8,19.0,23.1,21.6,19.3,18.3,85.0,76.0,79.0,66.0,4.6,2.1
2020/12/13,1300 UTC,0.0,884.7,884.8,884.6,25.1,18.8,25.1,22.7,19.4,18.2,79.0,68.0,68.0,61.0,5.5,1.9
2020/12/13,1400 UTC,0.0,884.4,884.7,884.4,25.4,19.1,26.1,25.1,20.1,18.3,71.0,64.0,68.0,53.0,5.7,1.8
2020/12/13,1500 UTC,0.0,884.0,884.5,884.0,25.1,18.4,26.0,24.7,19.9,18.3,73.0,64.0,67.0,46.0,5.3,2.8
2020/12/13,1600 UTC,0.0,883.3,884.0,883.3,25.7,17.7,26.6,25.0,19.5,17.7,69.0,61.0,61.0,33.0,5.3,1.6
2020/12/13,1700 UTC,0.0,882.6,883.3,882.6,26.7,17.6,27.0,25.6,18.5,16.8,64.0,54.0,57.0,348.0,5.4,2.0
2020/12/13,1800 UTC,0.0,881.9,882.6,881.9,26.7,18.2,26.7,25.9,18.7,17.2,64.0,56.0,59.0,60.0,5.7,1.5
2020/12/13,1900 UTC,0.0,881.5,881.9,881.5,25.9,16.8,27.5,25.9,18.8,16.8,60.0,54.0,57.0,104.0,6.7,3.2
2020/12/13,2000 UTC,0.0,881.4,881.6,881.4,24.6,16.0,25.9,24.6,17.5,16.0,62.0,57.0,59.0,97.0,6.4,3.2
2020/12/13,2100 UTC,0.0,882.2,882.2,881.4,24.0,15.8,24.6,24.0,15.9,15.4,61.0,57.0,60.0,110.0,6.7,3.1
2020/12/13,2200 UTC,0.0,882.8,882.8,882.2,23.4,16.2,24.0,23.1,16.3,15.8,65.0,60.0,64.0,72.0,4.9,3.0
2020/12/13,2300 UTC,0.0,883.1,883.1,882.8,22.2,16.3,23.4,22.2,16.3,16.1,69.0,64.0,69.0,98.0,6.2,4.4
2020/12/14,0000 UTC,0.0,883.3,883.3,883.1,21.6,17.1,22.2,21.6,17.2,16.2,76.0,69.0,76.0,106.0,7.8,5.5
2020/12/14,0100 UTC,0.0,883.3,883.4,883.2,21.0,17.7,21.6,21.0,17.8,17.1,82.0,76.0,82.0,100.0,8.3,6.3
2020/12/14,0200 UTC,0.0,882.8,883.3,882.8,19.9,17.1,21.0,19.9,17.7,17.1,84.0,82.0,84.0,98.0,9.1,5.6
2020/12/14,0300 UTC,0.0,882.3,882.8,882.2,18.9,15.8,19.9,18.9,17.1,15.8,84.0,82.0,82.0,107.0,7.3,4.7
2020/12/14,0400 UTC,0.0,881.7,882.4,881.7,18.3,14.9,19.0,18.3,15.8,14.9,82.0,80.0,81.0,103.0,6.8,4.9
2020/12/14,0500 UTC,0.0,881.6,881.8,881.4,17.8,14.5,18.3,17.8,14.9,14.5,81.0,80.0,81.0,106.0,7.6,5.3
2020/12/14,0600 UTC,0.0,881.8,881.8,881.5,17.4,14.0,17.9,17.3,14.5,14.0,82.0,80.0,81.0,119.0,7.3,4.3
2020/12/14,0700 UTC,0.0,881.9,882.0,881.8,17.1,13.7,17.4,17.0,14.0,13.7,82.0,80.0,80.0,140.0,5.7,4.4
2020/12/14,0800 UTC,0.0,882.1,882.3,881.9,17.3,13.5,17.5,17.1,13.7,13.4,80.0,77.0,78.0,127.0,5.6,4.0
2020/12/14,0900 UTC,0.0,882.3,882.3,882.1,18.5,14.0,18.5,17.1,14.0,13.4,79.0,75.0,75.0,122.0,8.3,6.1
2020/12/14,1000 UTC,0.0,882.6,882.6,882.2,20.3,14.3,20.3,18.5,14.3,13.8,75.0,68.0,68.0,121.0,9.2,5.7
2020/12/14,1100 UTC,0.0,882.6,882.7,882.6,22.3,14.9,22.4,20.3,15.2,14.2,69.0,62.0,63.0,105.0,8.3,5.2
2020/12/14,1200 UTC,0.0,882.9,883.0,882.6,25.0,15.4,25.2,22.3,15.5,14.5,64.0,52.0,55.0,120.0,7.1,3.5
2020/12/14,1300 UTC,0.0,882.7,883.0,882.7,25.8,13.7,27.0,25.0,17.2,13.7,58.0,47.0,47.0,128.0,5.6,1.4
2020/12/14,1400 UTC,0.0,882.3,882.7,882.3,27.1,15.4,27.7,25.5,17.1,13.7,56.0,47.0,49.0,17.0,5.9,2.2
2020/12/14,1500 UTC,0.0,881.5,882.4,881.5,28.1,15.2,28.1,27.1,16.1,14.3,51.0,44.0,45.0,30.0,7.4,1.8
2020/12/14,1600 UTC,0.0,880.8,881.5,880.8,29.0,14.8,29.0,27.7,15.7,13.8,47.0,41.0,42.0,325.0,6.3,3.0
2020/12/14,1700 UTC,0.0,880.2,880.8,880.2,28.4,14.9,29.4,28.4,16.0,14.1,45.0,40.0,44.0,50.0,5.6,3.1
2020/12/14,1800 UTC,0.0,879.7,880.2,879.7,28.0,15.2,28.7,27.7,15.9,14.4,48.0,43.0,46.0,27.0,7.4,3.2
2020/12/14,1900 UTC,0.0,879.2,879.7,879.2,28.1,14.6,28.5,27.5,15.8,14.1,47.0,43.0,44.0,28.0,6.4,2.0
2020/12/14,2000 UTC,0.0,879.0,879.2,879.0,26.5,14.5,28.1,26.4,15.4,13.6,48.0,43.0,48.0,34.0,7.0,3.1
2020/12/14,2100 UTC,0.0,879.5,879.5,879.0,25.1,12.6,26.6,25.1,14.8,11.9,49.0,43.0,46.0,26.0,6.9,2.6
2020/12/14,2200 UTC,0.0,880.0,880.0,879.5,23.4,12.6,25.1,23.2,12.6,10.7,51.0,44.0,51.0,71.0,6.2,3.8
2020/12/14,2300 UTC,0.0,880.3,880.4,880.0,22.1,11.1,23.6,22.1,12.7,11.1,51.0,49.0,50.0,110.0,7.4,5.0
2020/12/15,0000 UTC,0.0,880.7,880.7,880.3,21.8,11.8,22.4,21.7,11.9,10.9,54.0,49.0,53.0,122.0,9.9,7.7
2020/12/15,0100 UTC,0.0,881.0,881.1,880.5,21.0,11.9,21.8,21.0,11.9,11.6,56.0,53.0,56.0,113.0,10.7,5.9
2020/12/15,0200 UTC,0.0,881.0,881.3,881.0,20.2,13.2,21.0,20.1,13.2,11.9,64.0,56.0,64.0,104.0,8.6,4.8
2020/12/15,0300 UTC,0.0,880.4,881.0,880.4,19.9,14.4,20.2,19.9,14.4,13.2,70.0,64.0,70.0,111.0,8.2,6.3
2020/12/15,0400 UTC,0.0,880.0,880.4,880.0,19.4,14.9,19.9,19.4,14.9,14.4,75.0,70.0,75.0,117.0,8.4,5.6
2020/12/15,0500 UTC,0.0,879.8,880.1,879.8,18.9,15.3,19.5,18.9,15.3,14.8,79.0,75.0,79.0,118.0,8.0,6.0
2020/12/15,0600 UTC,0.0,879.8,879.9,879.7,18.7,15.3,19.0,18.7,15.3,15.2,81.0,79.0,80.0,115.0,8.3,4.7
2020/12/15,0700 UTC,0.0,879.7,879.9,879.6,18.7,15.1,18.8,18.6,15.3,15.1,80.0,80.0,80.0,117.0,7.0,4.9
2020/12/15,0800 UTC,0.0,880.1,880.1,879.6,18.2,15.1,18.7,18.1,15.2,15.1,83.0,80.0,82.0,133.0,7.0,4.0
2020/12/15,0900 UTC,0.0,880.7,880.7,880.1,20.1,14.8,20.1,18.2,15.1,14.7,82.0,71.0,71.0,129.0,6.3,3.4
2020/12/15,1000 UTC,0.0,881.0,881.0,880.7,21.7,15.4,21.7,20.1,15.6,14.8,72.0,67.0,68.0,125.0,6.9,4.1
2020/12/15,1100 UTC,0.0,881.6,881.6,881.0,23.0,16.8,23.0,21.7,16.9,14.9,70.0,65.0,68.0,126.0,7.0,4.3
2020/12/15,1200 UTC,0.0,881.8,881.9,881.6,25.7,17.8,26.0,23.0,18.1,16.6,68.0,58.0,62.0,123.0,6.3,3.5
2020/12/15,1300 UTC,0.0,881.7,881.9,881.7,26.2,17.7,26.3,25.6,18.2,17.2,63.0,59.0,60.0,91.0,6.0,3.0
2020/12/15,1400 UTC,0.0,881.7,881.9,881.6,27.5,16.8,27.9,26.1,18.2,16.2,61.0,49.0,52.0,95.0,6.0,3.5
2020/12/15,1500 UTC,0.0,881.4,881.7,881.4,28.9,17.3,29.5,27.5,18.4,16.6,54.0,48.0,50.0,124.0,6.5,3.3
2020/12/15,1600 UTC,0.0,880.6,881.4,880.6,28.9,18.3,30.2,28.4,19.4,17.2,56.0,48.0,53.0,106.0,5.3,1.6
2020/12/15,1700 UTC,0.0,880.0,880.6,879.9,30.1,17.4,30.1,27.9,18.1,15.0,52.0,41.0,47.0,115.0,6.5,2.5
2020/12/15,1800 UTC,0.0,879.4,880.0,879.4,28.9,15.4,30.3,28.9,17.3,15.0,47.0,41.0,44.0,88.0,6.1,2.9
2020/12/15,1900 UTC,0.0,878.9,879.4,878.9,28.3,15.3,29.4,28.3,16.4,14.6,47.0,42.0,45.0,126.0,6.1,3.8
2020/12/15,2000 UTC,0.0,878.7,878.9,878.7,27.0,13.9,28.3,27.0,16.1,13.9,48.0,44.0,45.0,55.0,6.1,3.7
2020/12/15,2100 UTC,0.0,879.2,879.2,878.7,25.2,12.7,26.9,25.2,14.7,12.7,48.0,44.0,46.0,58.0,6.4,4.2
2020/12/15,2200 UTC,0.0,879.9,880.0,879.2,24.2,13.2,25.2,24.2,13.9,12.8,51.0,46.0,50.0,100.0,7.1,3.9
2020/12/15,2300 UTC,0.0,880.7,880.7,879.9,23.4,14.2,24.2,23.4,14.2,13.1,56.0,50.0,56.0,109.0,9.3,6.2
2020/12/16,0000 UTC,0.0,880.7,880.8,880.6,22.1,16.6,23.4,22.1,16.6,14.1,71.0,56.0,71.0,108.0,10.8,8.1
2020/12/16,0100 UTC,0.0,881.3,881.3,880.7,21.3,17.1,22.1,21.3,17.1,16.6,77.0,71.0,77.0,112.0,11.3,8.0
2020/12/16,0200 UTC,0.0,881.6,881.7,881.3,20.9,16.6,21.3,20.8,17.1,16.6,77.0,77.0,77.0,118.0,12.3,8.1
2020/12/16,0300 UTC,0.0,881.0,881.7,881.0,20.6,16.4,20.9,20.6,16.6,16.4,77.0,76.0,77.0,114.0,11.1,6.8
2020/12/16,0400 UTC,0.0,880.8,881.1,880.7,20.0,16.1,20.6,20.0,16.4,16.1,78.0,77.0,78.0,118.0,9.6,5.6
2020/12/16,0500 UTC,0.0,880.9,881.0,880.7,19.7,16.0,20.0,19.6,16.1,15.9,79.0,78.0,79.0,109.0,8.9,4.9
2020/12/16,0600 UTC,0.0,880.3,880.9,880.3,19.4,15.8,19.7,19.3,16.0,15.8,80.0,79.0,80.0,106.0,8.7,5.8
2020/12/16,0700 UTC,0.0,880.1,880.4,880.0,19.1,15.8,19.5,19.0,15.8,15.7,81.0,79.0,81.0,117.0,9.8,6.6
2020/12/16,0800 UTC,0.0,880.5,880.5,880.1,19.1,15.8,19.1,19.0,15.8,15.7,82.0,81.0,81.0,116.0,9.5,6.6
2020/12/16,0900 UTC,0.0,881.1,881.1,880.5,19.2,16.0,19.3,19.0,16.0,15.7,81.0,81.0,81.0,127.0,9.8,4.5
2020/12/16,1000 UTC,0.0,881.6,881.6,881.1,22.6,17.5,22.8,19.1,18.0,16.0,82.0,73.0,73.0,133.0,7.9,5.3
2020/12/16,1100 UTC,0.0,882.2,882.2,881.6,24.7,18.6,24.7,21.2,18.9,17.2,79.0,69.0,69.0,106.0,7.9,4.0
2020/12/16,1200 UTC,0.0,882.9,882.9,882.2,25.9,17.9,26.0,24.7,19.0,17.8,69.0,61.0,62.0,105.0,6.5,3.3
2020/12/16,1300 UTC,0.0,882.9,883.0,882.9,26.3,17.8,27.7,25.5,19.4,17.6,67.0,57.0,59.0,115.0,5.6,1.7
2020/12/16,1400 UTC,0.0,882.6,882.9,882.6,27.5,19.1,27.7,26.3,19.8,18.2,64.0,58.0,60.0,45.0,6.2,3.1
2020/12/16,1500 UTC,0.0,881.9,882.6,881.9,29.5,19.5,29.5,27.3,20.0,18.6,63.0,55.0,55.0,24.0,7.9,3.1
2020/12/16,1600 UTC,0.0,881.2,881.9,881.2,29.7,19.2,30.1,28.6,20.0,18.3,58.0,50.0,53.0,102.0,8.0,3.0
2020/12/16,1700 UTC,0.0,880.8,881.2,880.8,26.7,19.0,30.2,26.5,19.3,17.8,63.0,50.0,63.0,55.0,7.0,3.8
2020/12/16,1800 UTC,0.0,880.3,880.8,880.2,28.8,18.8,29.6,26.7,20.1,17.5,64.0,50.0,55.0,49.0,6.6,2.3
2020/12/16,1900 UTC,0.0,880.2,880.3,880.1,26.2,18.2,30.6,26.2,20.0,18.1,62.0,50.0,62.0,96.0,12.2,6.4
2020/12/16,2000 UTC,0.0,880.1,880.3,880.0,25.7,18.5,26.4,25.6,18.6,18.2,65.0,62.0,65.0,107.0,10.2,5.7
2020/12/16,2100 UTC,0.0,880.3,880.3,880.0,24.6,18.1,25.8,24.6,18.6,18.0,67.0,64.0,67.0,101.0,9.4,4.5
2020/12/16,2200 UTC,0.0,880.6,880.6,880.3,23.4,17.8,24.6,23.4,18.1,17.6,71.0,67.0,71.0,99.0,8.1,5.4
2020/12/16,2300 UTC,0.0,881.1,881.1,880.6,22.6,18.0,23.4,22.6,18.0,17.7,75.0,71.0,75.0,103.0,11.0,6.1
2020/12/17,0000 UTC,0.0,881.7,881.7,881.1,21.7,17.7,22.6,21.7,18.0,17.7,79.0,75.0,78.0,94.0,10.7,6.7
2020/12/17,0100 UTC,0.0,882.2,882.3,881.7,21.1,17.4,21.7,21.1,17.7,17.4,79.0,78.0,79.0,105.0,11.3,6.0
2020/12/17,0200 UTC,0.0,882.5,882.5,882.2,20.6,16.3,21.1,20.5,17.4,16.3,79.0,76.0,77.0,100.0,10.8,3.7
2020/12/17,0300 UTC,0.0,882.2,882.5,882.2,20.0,15.5,20.6,20.0,16.2,15.5,77.0,75.0,76.0,104.0,7.1,5.2
2020/12/17,0400 UTC,0.0,881.7,882.2,881.7,19.6,15.0,20.0,19.6,15.5,14.9,75.0,74.0,75.0,104.0,8.7,4.9
2020/12/17,0500 UTC,0.0,881.4,881.7,881.4,19.6,15.5,19.6,19.5,15.5,15.0,77.0,75.0,77.0,96.0,8.3,6.2
2020/12/17,0600 UTC,0.0,881.2,881.4,881.2,19.5,15.2,19.6,19.5,15.6,15.2,78.0,76.0,76.0,117.0,9.2,6.5
2020/12/17,0700 UTC,0.0,881.3,881.3,881.1,19.3,15.2,19.5,19.1,15.3,15.1,78.0,76.0,77.0,119.0,10.0,5.8
2020/12/17,0800 UTC,0.0,881.8,881.8,881.3,19.2,15.5,19.4,19.1,15.5,15.2,79.0,77.0,79.0,101.0,8.7,6.2
2020/12/17,0900 UTC,0.0,882.3,882.3,881.7,19.4,15.8,19.4,19.2,15.8,15.5,80.0,79.0,80.0,112.0,9.8,6.0
2020/12/17,1000 UTC,0.0,882.8,882.8,882.3,20.4,16.4,20.4,19.4,16.4,15.8,80.0,78.0,78.0,110.0,8.3,5.3
2020/12/17,1100 UTC,0.0,882.9,882.9,882.7,23.1,17.7,23.1,20.4,17.8,16.3,78.0,72.0,72.0,110.0,7.5,4.0
2020/12/17,1200 UTC,0.0,883.2,883.2,882.9,24.3,17.8,24.4,23.1,18.1,17.5,72.0,66.0,67.0,98.0,6.0,2.6
2020/12/17,1300 UTC,0.0,883.0,883.3,883.0,26.8,18.7,26.9,24.2,19.2,17.7,68.0,61.0,61.0,114.0,5.2,2.8
2020/12/17,1400 UTC,0.0,882.9,883.1,882.9,27.5,19.2,28.4,26.5,19.7,18.2,64.0,55.0,60.0,116.0,6.7,2.7
2020/12/17,1500 UTC,0.0,882.5,883.0,882.5,28.1,17.9,28.6,27.5,19.4,17.9,61.0,54.0,54.0,61.0,7.3,2.7
2020/12/17,1600 UTC,0.0,881.6,882.5,881.6,28.7,18.5,29.3,28.1,18.8,17.5,57.0,50.0,54.0,77.0,7.3,1.9
2020/12/17,1700 UTC,0.0,880.9,881.7,880.9,26.8,17.6,28.7,26.8,18.6,17.4,59.0,53.0,57.0,43.0,6.4,2.9
2020/12/17,1800 UTC,0.0,880.3,880.9,880.3,29.0,18.9,29.2,26.8,19.3,17.7,59.0,53.0,55.0,5.0,6.7,3.2
2020/12/17,1900 UTC,0.0,879.4,880.3,879.4,27.4,18.6,29.0,26.6,19.1,17.7,61.0,53.0,59.0,29.0,6.7,1.7
2020/12/17,2000 UTC,0.0,879.9,879.9,879.2,25.6,18.9,27.6,25.6,19.0,18.0,66.0,57.0,66.0,98.0,6.9,3.5
2020/12/17,2100 UTC,0.0,880.1,880.1,879.8,23.9,18.4,25.6,23.9,18.9,18.3,71.0,66.0,71.0,104.0,9.5,6.4
2020/12/17,2200 UTC,0.0,881.2,881.3,880.1,21.5,16.0,23.9,21.5,19.0,16.0,79.0,70.0,71.0,135.0,19.6,12.4
2020/12/17,2300 UTC,0.2,882.6,883.0,881.2,18.9,17.2,21.5,18.9,17.3,16.0,90.0,71.0,90.0,158.0,17.6,7.1
2020/12/18,0000 UTC,2.8,883.4,883.4,882.3,18.5,17.3,19.0,18.5,17.4,17.1,93.0,90.0,93.0,149.0,12.0,5.4
2020/12/18,0100 UTC,3.6,883.1,883.5,883.0,18.6,17.4,18.8,18.5,17.5,17.2,93.0,92.0,93.0,143.0,7.9,3.1
2020/12/18,0200 UTC,1.4,882.6,883.1,882.6,18.4,17.1,18.8,18.4,17.4,16.8,93.0,88.0,92.0,117.0,4.3,2.5
2020/12/18,0300 UTC,0.2,881.6,882.6,881.6,18.2,16.6,18.4,18.1,17.1,16.6,93.0,91.0,91.0,127.0,5.3,3.8
2020/12/18,0400 UTC,0.0,880.4,881.6,880.4,18.9,15.5,18.9,18.1,16.8,15.4,91.0,80.0,81.0,145.0,5.1,2.0
2020/12/18,0500 UTC,0.0,880.0,880.4,880.0,19.6,15.6,19.8,18.9,15.7,14.1,81.0,70.0,78.0,286.0,3.2,1.3
2020/12/18,0600 UTC,0.0,880.0,880.1,879.9,19.1,15.2,19.6,19.0,16.0,14.1,82.0,71.0,78.0,125.0,3.2,2.3
2020/12/18,0700 UTC,0.0,880.0,880.0,879.8,18.9,14.6,19.2,18.8,15.3,14.6,80.0,75.0,76.0,107.0,3.8,2.3
2020/12/18,0800 UTC,0.0,880.3,880.3,879.9,19.1,15.2,19.1,18.7,15.2,14.5,80.0,75.0,78.0,113.0,3.1,1.4
2020/12/18,0900 UTC,0.0,880.9,880.9,880.3,19.2,16.3,19.3,19.0,16.3,14.1,83.0,73.0,83.0,291.0,2.4,1.0
2020/12/18,1000 UTC,0.0,881.0,881.1,880.9,20.7,17.6,20.7,19.0,17.6,16.3,86.0,81.0,82.0,85.0,2.1,1.1
2020/12/18,1100 UTC,0.0,880.8,881.0,880.7,21.6,17.0,22.1,20.7,17.7,16.2,83.0,70.0,75.0,54.0,3.5,1.8
2020/12/18,1200 UTC,0.0,880.7,880.9,880.7,23.7,17.2,24.0,21.6,17.7,16.6,75.0,66.0,67.0,42.0,5.2,2.6
2020/12/18,1300 UTC,0.0,880.9,881.0,880.7,23.7,17.7,24.3,23.2,17.8,16.6,70.0,63.0,69.0,15.0,5.4,2.2
2020/12/18,1400 UTC,0.0,880.8,880.9,880.8,25.7,18.0,26.2,23.7,18.7,16.9,69.0,59.0,62.0,358.0,5.8,2.4
2020/12/18,1500 UTC,0.0,880.4,880.8,880.3,27.0,18.5,27.0,25.3,18.7,16.9,64.0,58.0,60.0,337.0,6.2,2.7
2020/12/18,1600 UTC,0.0,880.0,880.4,880.0,27.3,18.8,27.9,25.8,19.2,17.5,63.0,56.0,60.0,330.0,7.0,1.6
2020/12/18,1700 UTC,0.0,879.3,880.0,879.3,25.9,18.8,27.7,25.8,19.5,18.4,66.0,58.0,65.0,13.0,5.5,1.0
2020/12/18,1800 UTC,0.0,878.2,879.3,878.2,28.2,20.3,28.2,25.9,20.3,18.6,66.0,60.0,62.0,1.0,7.2,1.6
2020/12/18,1900 UTC,0.0,877.7,878.2,877.7,27.1,17.5,28.8,27.1,20.3,17.5,64.0,53.0,56.0,298.0,6.9,3.8
2020/12/18,2000 UTC,0.0,877.6,877.7,877.6,25.7,19.1,27.1,25.7,19.2,17.2,68.0,56.0,67.0,312.0,7.3,1.5
2020/12/18,2100 UTC,0.0,878.1,878.1,877.6,25.9,18.0,26.4,25.4,19.2,18.0,69.0,61.0,62.0,201.0,3.9,0.9
2020/12/18,2200 UTC,0.0,878.5,878.6,878.1,23.9,18.2,25.8,23.9,18.7,17.9,70.0,62.0,70.0,110.0,5.7,2.4
2020/12/18,2300 UTC,0.0,878.9,879.0,878.2,20.5,16.8,23.9,20.5,18.4,16.7,81.0,70.0,79.0,113.0,13.0,7.9
2020/12/19,0000 UTC,0.0,880.6,880.6,878.7,20.7,16.7,21.0,20.4,16.8,16.2,80.0,75.0,78.0,335.0,11.3,4.8
2020/12/19,0100 UTC,1.0,880.0,880.7,879.9,19.5,17.5,20.7,19.4,17.5,16.8,88.0,78.0,88.0,98.0,10.1,4.3
2020/12/19,0200 UTC,0.2,880.2,880.2,879.8,19.0,17.2,19.5,19.0,17.6,16.9,90.0,88.0,89.0,111.0,8.1,6.1
2020/12/19,0300 UTC,0.2,880.6,880.6,880.2,19.0,17.0,19.1,19.0,17.2,16.9,90.0,88.0,88.0,98.0,8.2,2.9
2020/12/19,0400 UTC,3.0,880.3,880.7,880.3,18.9,17.2,19.3,18.9,17.2,16.9,90.0,86.0,90.0,178.0,5.0,3.7
2020/12/19,0500 UTC,8.8,879.7,880.4,879.7,18.6,17.7,18.9,18.6,17.7,17.2,94.0,90.0,94.0,143.0,5.1,4.0
2020/12/19,0600 UTC,1.6,879.0,879.6,878.9,18.2,17.3,18.6,18.2,17.6,17.2,95.0,94.0,94.0,132.0,8.0,5.5
2020/12/19,0700 UTC,0.6,878.9,879.0,878.8,18.3,17.0,18.3,18.2,17.3,17.0,95.0,92.0,92.0,134.0,7.7,4.1
2020/12/19,0800 UTC,0.0,879.1,879.2,878.8,19.2,16.8,19.2,18.3,17.0,16.7,92.0,86.0,86.0,26.0,5.9,1.3
2020/12/19,0900 UTC,0.0,879.4,879.4,879.0,19.3,17.3,19.8,19.2,17.3,16.7,88.0,84.0,88.0,312.0,3.1,2.6
2020/12/19,1000 UTC,0.0,879.4,879.5,879.3,20.0,18.0,20.1,19.3,18.4,17.3,91.0,88.0,88.0,316.0,4.7,3.0
2020/12/19,1100 UTC,0.0,879.7,879.9,879.4,21.7,18.3,22.2,20.0,19.2,17.9,88.0,80.0,81.0,331.0,5.8,3.8
2020/12/19,1200 UTC,0.0,879.8,879.9,879.5,22.7,18.8,23.3,21.7,19.6,18.5,83.0,77.0,78.0,322.0,7.7,3.9
2020/12/19,1300 UTC,0.0,879.5,880.0,879.5,24.2,19.8,25.0,22.6,20.6,18.7,81.0,74.0,77.0,330.0,8.0,4.3
2020/12/19,1400 UTC,0.0,879.2,879.5,879.2,25.6,20.5,25.9,24.2,20.9,19.3,78.0,69.0,73.0,332.0,8.9,3.6
2020/12/19,1500 UTC,0.0,878.7,879.3,878.7,26.1,19.0,26.8,24.8,20.6,19.0,74.0,64.0,65.0,319.0,8.7,3.8
2020/12/19,1600 UTC,0.0,878.6,878.8,878.6,26.1,18.6,27.5,25.7,20.2,18.2,69.0,58.0,63.0,303.0,9.2,4.0
2020/12/19,1700 UTC,0.0,877.6,878.6,877.6,28.0,18.5,28.0,25.5,19.5,18.1,66.0,56.0,57.0,307.0,10.3,4.3
2020/01/04,1300 UTC,0.0,879.0,879.1,878.8,18.9,18.4,19.0,18.3,18.6,17.8,97.0,97.0,97.0,338.0,9.4,4.7
2020/12/24,0300 UTC,0.0,879.9,880.2,879.9,19.7,18.5,19.9,19.6,18.6,18.3,94.0,91.0,93.0,121.0,10.7,8.1
2020/12/24,0400 UTC,0.0,879.6,879.9,879.6,19.4,18.2,19.7,19.4,18.5,18.2,94.0,93.0,93.0,127.0,10.6,5.6
2020/12/24,0500 UTC,0.0,878.6,879.6,878.6,19.3,18.4,19.4,19.2,18.4,18.2,94.0,93.0,94.0,121.0,11.4,7.8
2020/12/24,0600 UTC,0.0,878.6,878.7,878.4,19.1,18.2,19.3,19.0,18.4,18.1,95.0,94.0,95.0,120.0,10.8,7.0
2020/12/24,0700 UTC,0.0,878.8,878.8,878.5,19.1,18.1,19.1,19.0,18.2,18.0,95.0,94.0,94.0,121.0,9.8,7.8
2020/12/24,0800 UTC,0.0,878.8,878.9,878.7,18.9,17.5,19.1,18.9,18.1,17.5,94.0,92.0,92.0,90.0,9.8,5.0
2020/12/24,0900 UTC,0.0,879.8,879.8,878.9,19.3,17.8,19.3,18.8,17.9,17.4,93.0,91.0,91.0,104.0,8.4,4.2
2020/12/24,1000 UTC,0.0,880.2,880.2,879.8,19.4,17.9,19.4,19.2,18.0,17.7,92.0,90.0,91.0,108.0,6.6,4.2
2020/12/24,1100 UTC,0.0,880.6,880.6,880.2,19.7,18.4,19.7,19.4,18.4,17.9,93.0,91.0,92.0,111.0,8.3,5.9
2020/12/24,1200 UTC,0.0,881.1,881.1,880.6,20.4,18.6,20.4,19.7,18.7,18.4,92.0,89.0,89.0,104.0,8.7,5.4
2020/12/24,1300 UTC,0.0,881.2,881.4,881.1,22.0,19.4,22.0,20.4,19.6,18.6,90.0,85.0,85.0,104.0,6.8,3.8
2020/12/24,1400 UTC,0.0,880.5,881.2,880.5,22.5,19.3,22.5,21.8,19.4,18.7,86.0,81.0,82.0,96.0,5.7,1.6
2020/12/24,1500 UTC,0.0,880.2,880.5,880.2,22.2,19.1,23.0,22.2,19.8,19.0,83.0,79.0,83.0,149.0,4.6,3.3
2020/12/24,1600 UTC,4.8,879.9,880.3,879.9,20.6,19.0,22.2,20.4,19.3,18.4,91.0,83.0,91.0,140.9415725208262,6.0,5.002955608809757
2020/12/24,1700 UTC,0.2,879.4,879.9,879.4,20.8,19.1,21.3,20.6,20.0,19.1,93.0,90.0,90.0,117.0,8.640807942485482,7.1
2020/12/24,1800 UTC,7.8,879.3,879.5,879.3,19.5,18.5,20.9,19.5,19.4,18.5,94.0,90.0,94.0,107.0,9.5,6.2
2020/12/24,1900 UTC,2.6,878.6,879.3,878.6,19.5,18.5,19.7,19.4,18.8,18.5,95.0,94.0,94.0,119.0,9.7,8.1
2020/12/24,2000 UTC,2.2,879.0,879.0,878.6,19.3,18.5,19.5,19.3,18.5,18.2,95.0,94.0,95.0,111.0,11.3,6.7
2020/12/24,2100 UTC,5.8,879.7,879.8,879.0,19.1,18.2,19.3,19.1,18.5,18.2,95.0,95.0,95.0,74.0,9.0,3.2
2020/12/24,2200 UTC,7.0,880.1,880.1,879.6,18.7,18.0,19.1,18.6,18.2,17.8,96.0,94.0,96.0,106.0,5.8,4.7
2020/12/24,2300 UTC,1.6,880.5,880.5,880.1,18.9,18.1,18.9,18.7,18.1,18.0,96.0,95.0,95.0,116.0,7.8,3.6
2020/12/25,0000 UTC,0.6,880.7,880.7,880.5,18.5,17.6,18.9,18.5,18.1,17.6,95.0,94.0,95.0,108.0,6.5,4.9
2020/12/25,0100 UTC,0.2,880.8,880.8,880.5,18.5,17.8,18.5,18.4,17.8,17.6,96.0,95.0,96.0,112.0,10.0,7.6
2020/12/25,0200 UTC,0.0,880.7,880.8,880.6,18.4,17.7,18.5,18.4,17.8,17.7,96.0,95.0,95.0,118.0,12.5,8.8
2020/12/25,0300 UTC,0.0,880.2,880.7,880.2,18.1,17.2,18.5,18.1,17.7,17.2,96.0,94.0,94.0,116.0,11.4,7.6
2020/12/25,0400 UTC,0.0,879.5,880.2,879.5,17.7,16.5,18.1,17.7,17.2,16.5,95.0,92.0,92.0,118.0,10.0,6.1
2020/12/25,0500 UTC,0.0,878.7,879.5,878.7,17.6,16.3,17.7,17.5,16.5,16.1,93.0,91.0,92.0,120.0,9.2,6.9
2020/12/25,0600 UTC,0.0,878.6,878.7,878.4,17.7,16.5,17.8,17.6,16.5,16.1,93.0,90.0,93.0,117.0,10.1,6.9
2020/12/25,0700 UTC,0.0,878.4,878.8,878.4,17.7,16.6,17.8,17.7,16.6,16.5,94.0,93.0,93.0,111.0,10.4,7.7
2020/12/25,0800 UTC,0.0,878.8,878.8,878.4,17.6,16.8,17.7,17.6,16.8,16.6,95.0,93.0,95.0,116.0,10.6,7.7
2020/12/25,0900 UTC,0.0,879.0,879.1,878.8,17.7,17.0,17.7,17.5,17.0,16.8,96.0,95.0,96.0,111.0,13.1,9.3
2020/12/25,1000 UTC,0.0,879.6,879.6,879.0,18.3,17.3,18.3,17.7,17.3,17.0,96.0,94.0,94.0,116.0,13.1,8.1
2020/12/25,1100 UTC,0.0,880.2,880.2,879.6,19.5,18.0,19.5,18.3,18.0,17.3,94.0,91.0,91.0,114.0,13.2,6.9
2020/12/25,1200 UTC,0.0,880.6,880.6,880.2,19.5,17.7,19.6,19.4,18.0,17.7,91.0,89.0,90.0,105.0,9.4,6.4
2020/12/25,1300 UTC,0.0,880.8,880.9,880.6,19.4,17.8,20.8,19.4,18.6,17.7,90.0,86.0,90.0,107.0,8.5,5.4
2020/12/25,1400 UTC,0.0,880.6,880.8,880.6,20.6,18.2,20.6,19.2,18.4,17.8,92.0,86.0,86.0,107.0,8.2,4.7
2020/12/25,1500 UTC,0.0,880.3,880.6,880.3,20.8,18.1,20.8,20.5,18.3,17.7,87.0,83.0,85.0,107.0,8.0,4.7
2020/12/25,1600 UTC,0.0,880.0,880.4,880.0,22.2,18.5,22.8,20.8,19.4,18.2,86.0,79.0,80.0,66.0,7.0,3.4
2020/12/25,1700 UTC,0.0,879.3,880.0,879.3,23.1,18.9,23.3,22.0,19.4,18.1,81.0,75.0,78.0,90.0,8.0,3.2
2020/12/25,1800 UTC,0.0,878.5,879.3,878.5,22.2,17.9,23.2,22.2,19.4,17.9,81.0,77.0,77.0,78.0,6.1,3.0
2020/12/25,1900 UTC,0.0,878.2,878.5,878.2,22.3,18.7,22.5,22.1,18.9,17.8,81.0,75.0,80.0,115.0,5.7,2.9
2020/12/25,2000 UTC,0.0,878.2,878.3,877.9,21.1,18.0,22.3,21.1,18.7,17.9,83.0,79.0,82.0,114.0,7.5,4.5
2020/12/25,2100 UTC,0.0,878.2,878.5,878.1,20.1,17.0,21.1,20.1,18.1,16.9,83.0,82.0,83.0,117.0,7.2,5.8
2020/12/25,2200 UTC,0.0,878.5,878.6,878.1,19.8,16.8,20.1,19.7,17.3,16.7,85.0,83.0,83.0,119.0,7.8,5.7
2020/12/25,2300 UTC,0.0,878.2,878.6,878.2,19.5,16.9,19.8,19.5,17.0,16.6,85.0,82.0,85.0,124.0,11.2,9.0
2020/12/26,0000 UTC,0.0,878.9,878.9,878.2,19.3,17.2,19.5,19.2,17.2,16.8,88.0,85.0,87.0,131.0,13.3,8.2
2020/12/26,0100 UTC,0.0,879.7,879.7,878.8,19.0,17.5,19.3,19.0,17.5,17.1,91.0,87.0,91.0,131.0,11.8,8.4
2020/12/26,0200 UTC,0.0,879.8,879.9,879.6,19.1,17.3,19.1,19.0,17.5,17.3,91.0,89.0,90.0,125.0,10.7,7.6
2020/12/26,0300 UTC,0.6,879.8,880.1,879.6,18.5,17.0,19.1,18.5,17.4,17.0,91.0,90.0,91.0,132.0,9.4,5.2
2020/12/26,0400 UTC,1.6,878.6,879.9,878.6,18.0,16.7,18.5,18.0,17.0,16.6,93.0,90.0,92.0,122.0,11.2,9.3
2020/12/26,0500 UTC,0.4,878.5,878.9,878.5,17.8,17.1,18.0,17.7,17.2,16.6,96.0,92.0,96.0,133.0,12.8,9.4
2020/12/26,0600 UTC,0.6,878.1,878.5,878.0,17.2,16.5,17.8,17.2,17.1,16.5,96.0,95.0,96.0,133.0,14.6,10.2
2020/12/26,0700 UTC,0.0,878.2,878.2,877.9,17.1,16.4,17.2,17.1,16.6,16.4,96.0,95.0,96.0,132.0,14.2,8.8
2020/12/26,0800 UTC,0.0,879.1,879.1,878.2,17.3,16.4,17.3,17.1,16.5,16.4,96.0,95.0,95.0,128.0,12.6,5.8
2020/12/26,0900 UTC,0.0,879.9,879.9,879.0,17.4,16.6,17.4,17.2,16.6,16.4,96.0,95.0,95.0,114.0,8.6,5.9
2020/12/26,1000 UTC,0.2,880.6,880.6,879.9,17.7,16.9,17.7,17.4,17.0,16.6,96.0,95.0,95.0,87.0,9.9,5.3
2020/12/26,1100 UTC,0.2,880.6,880.6,880.4,18.0,17.3,18.1,17.7,17.3,16.9,95.0,94.0,95.0,102.0,8.7,5.2
2020/12/26,1200 UTC,0.2,880.7,880.7,880.6,18.6,17.7,18.6,18.0,17.7,17.3,95.0,94.0,95.0,108.0,7.0,4.3
2020/12/26,1300 UTC,0.2,880.3,880.7,880.3,19.5,18.3,19.5,18.6,18.4,17.6,95.0,92.0,93.0,105.0,7.1,5.6
2020/12/26,1400 UTC,0.0,880.4,880.4,880.3,21.7,18.5,21.7,19.5,19.8,17.7,94.0,81.0,82.0,62.0,7.0,2.6
2020/12/26,1500 UTC,0.0,880.1,880.4,880.1,23.9,19.2,25.0,21.7,21.0,18.1,84.0,72.0,75.0,101.0,6.8,3.7
2020/12/26,1600 UTC,0.0,879.7,880.1,879.7,22.9,18.4,24.0,22.8,19.4,18.4,80.0,72.0,76.0,112.0,7.3,4.7
2020/12/26,1700 UTC,0.0,879.0,879.7,879.0,25.3,18.8,25.6,22.8,19.6,18.3,77.0,66.0,67.0,101.0,6.6,3.2
2020/12/26,1800 UTC,0.0,878.6,879.0,878.6,24.9,18.3,26.0,24.5,19.5,18.3,73.0,62.0,67.0,116.0,6.4,3.6
2020/12/26,1900 UTC,0.0,878.5,878.6,878.5,23.5,17.9,25.8,23.5,18.8,17.7,73.0,63.0,71.0,116.0,7.0,3.1
2020/12/26,2000 UTC,0.0,878.5,878.6,878.5,22.4,17.7,23.7,22.4,18.3,17.7,75.0,70.0,75.0,60.0,6.2,3.7
2020/12/26,2100 UTC,0.0,878.8,878.8,878.4,21.0,17.5,22.4,21.0,17.9,17.2,80.0,74.0,80.0,120.0,7.3,5.9
2020/12/26,2200 UTC,0.0,879.1,879.1,878.8,20.7,17.4,21.0,20.7,17.5,17.1,81.0,79.0,81.0,121.0,10.9,8.6
2020/12/26,2300 UTC,0.0,879.8,879.8,879.1,20.4,17.4,20.7,20.4,17.6,17.3,84.0,81.0,83.0,123.0,11.5,8.6
2020/12/27,0000 UTC,0.0,880.2,880.2,879.8,19.7,17.4,20.4,19.7,17.6,17.3,87.0,83.0,86.0,121.0,11.6,8.8
2020/12/27,0100 UTC,0.2,880.8,880.8,880.2,19.5,16.7,19.7,19.5,17.5,16.7,87.0,84.0,84.0,119.0,11.6,7.7
2020/12/27,0200 UTC,0.0,880.7,880.8,880.7,19.5,16.0,19.5,19.5,16.8,15.9,84.0,80.0,80.0,120.0,12.1,8.1
2020/12/27,0300 UTC,0.0,880.9,880.9,880.6,19.4,15.2,19.5,19.4,15.8,15.2,80.0,77.0,77.0,86.0,11.1,3.4
2020/12/27,0400 UTC,0.0,880.2,880.9,880.2,19.1,14.8,19.4,19.0,15.3,14.8,78.0,77.0,77.0,114.0,7.9,5.6
2020/12/27,0500 UTC,0.0,879.9,880.2,879.8,18.8,14.5,19.1,18.8,14.9,14.4,78.0,75.0,76.0,115.0,8.4,5.9
2020/12/27,0600 UTC,0.0,879.6,879.9,879.6,18.7,14.1,18.9,18.7,14.5,14.1,76.0,74.0,75.0,105.0,8.8,6.3
2020/12/27,0700 UTC,0.0,879.8,879.8,879.5,18.5,14.1,18.7,18.5,14.2,14.0,76.0,74.0,75.0,105.0,10.8,6.7
2020/12/27,0800 UTC,0.0,880.3,880.3,879.7,18.0,14.2,18.5,18.0,14.3,14.1,79.0,75.0,79.0,117.0,11.2,8.6
2020/12/27,0900 UTC,0.0,881.1,881.1,880.3,18.1,15.0,18.1,17.9,15.0,14.2,82.0,79.0,82.0,117.0,11.7,8.5
2020/12/27,1000 UTC,0.0,881.8,881.8,881.1,18.9,16.3,18.9,18.1,16.3,15.1,85.0,82.0,85.0,113.0,12.3,8.2
2020/12/27,1100 UTC,0.0,882.3,882.3,881.8,21.2,17.3,21.3,18.9,17.4,16.2,85.0,78.0,78.0,115.0,12.0,7.9
2020/12/27,1200 UTC,0.0,882.8,882.8,882.3,23.1,18.1,23.1,20.5,18.3,17.0,81.0,73.0,73.0,111.0,11.2,6.4
2020/12/27,1300 UTC,0.0,883.2,883.2,882.8,24.8,18.8,25.2,23.1,19.1,18.1,75.0,67.0,69.0,110.0,9.3,5.6
2020/12/27,1400 UTC,0.0,883.1,883.2,883.0,24.3,18.1,26.3,23.9,19.5,17.9,72.0,64.0,68.0,97.0,9.0,4.6
2020/12/27,1500 UTC,0.0,883.2,883.2,883.0,24.3,18.1,25.9,24.3,19.3,18.0,71.0,64.0,68.0,98.0,8.9,3.0
2020/12/27,1600 UTC,0.0,882.5,883.2,882.5,26.3,19.7,26.7,24.2,19.7,18.1,72.0,63.0,67.0,104.0,6.4,2.8
2020/12/27,1700 UTC,0.0,882.1,882.5,882.0,26.3,18.4,27.5,25.8,20.1,18.1,67.0,59.0,62.0,52.0,7.5,3.0
2020/12/27,1800 UTC,0.0,881.5,882.1,881.5,25.1,18.0,26.3,25.0,18.5,17.5,67.0,61.0,65.0,75.0,8.1,2.3
2020/12/27,1900 UTC,0.0,881.2,881.6,881.2,25.1,17.3,26.8,25.1,18.3,17.3,65.0,57.0,62.0,112.0,8.5,6.5
2020/12/27,2000 UTC,0.0,881.4,881.4,881.1,23.3,17.3,25.1,23.3,17.6,17.2,69.0,62.0,69.0,112.0,8.8,6.1
2020/12/27,2100 UTC,0.0,881.6,881.6,881.4,22.4,17.2,23.3,22.4,17.5,17.2,73.0,69.0,73.0,108.0,8.3,5.4
2020/12/27,2200 UTC,0.0,881.6,881.7,881.5,21.3,17.4,22.4,21.3,17.4,17.1,78.0,72.0,78.0,127.0,8.9,6.6
2020/12/27,2300 UTC,0.0,881.9,881.9,881.4,20.9,17.0,21.3,20.9,17.5,17.0,79.0,77.0,78.0,122.0,10.4,6.7
2020/12/28,0000 UTC,0.0,882.8,882.8,881.9,20.8,17.7,21.0,20.8,17.7,17.0,83.0,78.0,83.0,115.0,11.2,7.4
2020/12/28,0100 UTC,0.0,883.4,883.4,882.8,20.3,17.5,20.8,20.2,17.8,17.5,85.0,83.0,84.0,109.0,11.2,5.1
2020/12/28,0200 UTC,0.0,883.5,883.9,883.4,19.9,17.2,20.3,19.9,17.5,17.2,84.0,83.0,84.0,115.0,8.2,6.0
2020/12/28,0300 UTC,0.0,883.0,883.5,882.9,19.8,16.9,20.0,19.8,17.2,16.9,84.0,84.0,84.0,120.0,9.9,6.9
2020/12/28,0400 UTC,0.0,882.4,883.0,882.4,19.5,16.8,19.8,19.4,17.0,16.6,85.0,83.0,84.0,113.0,10.0,7.2
2020/12/28,0500 UTC,0.0,882.3,882.5,882.1,19.2,16.6,19.5,19.2,16.8,16.6,85.0,84.0,85.0,114.0,9.2,6.7
2020/12/28,0600 UTC,0.0,881.9,882.3,881.9,19.1,16.7,19.2,19.1,16.7,16.5,86.0,85.0,86.0,96.0,9.5,6.8
2020/12/28,0700 UTC,0.0,881.8,881.9,881.7,19.0,16.8,19.1,18.9,16.8,16.7,87.0,86.0,87.0,101.0,10.3,7.4
2020/12/28,0800 UTC,0.0,882.3,882.3,881.8,18.7,16.9,19.0,18.7,16.9,16.8,89.0,87.0,89.0,98.0,11.9,7.8
2020/12/28,0900 UTC,0.0,882.8,882.8,882.3,18.7,17.0,18.7,18.5,17.0,16.8,90.0,89.0,90.0,105.0,10.6,7.6
2020/12/28,1000 UTC,0.0,883.4,883.4,882.8,19.1,17.2,19.1,18.7,17.2,17.0,90.0,89.0,89.0,106.0,12.0,7.2
2020/12/28,1100 UTC,0.0,884.0,884.0,883.4,20.2,17.5,21.2,19.1,17.9,17.2,89.0,81.0,84.0,103.0,10.5,6.2
2020/12/28,1200 UTC,0.0,884.5,884.5,884.0,23.2,18.7,23.2,20.2,18.7,17.4,84.0,75.0,76.0,111.0,9.5,6.3
2020/12/28,1300 UTC,0.0,884.7,884.7,884.5,23.3,18.2,23.6,22.6,18.7,17.9,77.0,72.0,73.0,92.0,9.3,4.5
2020/12/28,1400 UTC,0.0,884.6,884.8,884.6,23.7,18.6,24.3,23.3,19.0,18.1,75.0,69.0,73.0,94.0,7.0,3.3
2020/12/28,1500 UTC,0.0,884.1,884.6,884.1,25.4,18.7,25.9,23.2,19.1,17.8,74.0,65.0,66.0,81.0,6.5,3.2
2020/12/28,1600 UTC,0.0,883.4,884.1,883.4,25.1,18.7,25.7,24.5,19.0,18.0,71.0,63.0,68.0,61.0,6.5,3.6
2020/12/28,1700 UTC,0.0,882.6,883.4,882.6,24.8,18.5,26.4,24.4,19.6,18.2,71.0,64.0,68.0,56.0,7.2,2.7
2020/12/28,1800 UTC,0.0,881.9,882.6,881.9,25.2,18.3,25.2,24.6,18.8,18.0,70.0,66.0,66.0,45.0,7.0,3.9
2020/12/28,1900 UTC,0.0,881.6,881.9,881.6,23.8,18.0,25.2,23.8,18.5,17.8,71.0,65.0,70.0,60.0,7.3,4.3
2020/12/28,2000 UTC,0.0,881.3,881.6,881.3,22.7,17.3,23.8,22.7,18.0,17.2,72.0,70.0,72.0,72.0,8.3,4.9
2020/12/28,2100 UTC,0.0,881.8,881.8,881.3,21.8,16.7,22.7,21.8,17.3,16.7,73.0,71.0,73.0,66.0,7.8,4.7
2020/12/28,2200 UTC,0.0,882.3,882.4,881.8,21.0,16.7,21.7,21.0,16.8,16.5,77.0,73.0,77.0,96.0,8.3,4.0
2020/12/28,2300 UTC,0.0,883.0,883.0,882.3,20.5,16.8,21.0,20.4,16.8,16.5,79.0,76.0,79.0,97.0,8.6,4.8
2020/12/29,0000 UTC,0.0,883.2,883.2,882.9,20.0,16.4,20.6,19.9,16.8,16.4,81.0,79.0,80.0,98.0,7.8,3.5
2020/12/29,0100 UTC,0.0,883.2,883.4,883.2,19.6,16.4,20.0,19.6,16.5,16.4,81.0,80.0,81.0,114.0,7.6,5.4
2020/12/29,0200 UTC,0.0,882.9,883.2,882.9,19.2,16.1,19.6,19.2,16.4,16.1,83.0,81.0,82.0,116.0,7.1,4.6
2020/12/29,0300 UTC,0.0,882.1,882.9,882.1,19.0,15.3,19.2,19.0,16.1,15.3,82.0,79.0,79.0,122.0,8.2,5.3
2020/12/29,0400 UTC,0.0,881.6,882.1,881.6,18.8,14.4,19.0,18.7,15.7,14.4,82.0,75.0,75.0,114.0,8.3,6.4
2020/12/29,0500 UTC,0.0,881.5,881.6,881.4,18.4,14.7,18.9,18.3,15.2,14.4,81.0,75.0,79.0,103.0,7.9,5.0
2020/12/29,0600 UTC,0.0,881.4,881.5,881.2,18.5,14.3,18.6,18.4,14.7,14.3,79.0,76.0,76.0,105.0,7.3,5.1
2020/12/29,0700 UTC,0.0,881.4,881.4,881.3,18.3,14.5,18.6,18.2,14.5,14.2,79.0,76.0,78.0,98.0,8.0,5.2
2020/12/29,0800 UTC,0.0,881.8,881.8,881.4,17.8,15.2,18.3,17.8,15.2,14.5,85.0,78.0,85.0,103.0,8.7,5.1
2020/12/29,0900 UTC,0.0,882.1,882.1,881.8,18.2,15.7,18.2,17.7,15.7,15.2,87.0,85.0,85.0,96.0,8.9,5.7
2020/12/29,1000 UTC,0.0,882.3,882.4,882.0,20.3,16.6,20.3,18.2,16.6,15.7,85.0,79.0,79.0,109.0,8.6,5.6
2020/12/29,1100 UTC,0.0,882.3,882.3,882.2,20.1,16.6,21.8,20.0,17.2,16.4,81.0,74.0,80.0,111.0,9.7,6.4
2020/12/29,1200 UTC,0.0,882.3,882.3,882.2,21.6,16.5,21.6,20.1,16.8,16.1,81.0,72.0,73.0,97.0,11.3,6.2
2020/12/29,1300 UTC,0.0,882.4,882.5,882.2,23.5,17.5,23.5,21.7,17.6,16.5,73.0,68.0,69.0,88.0,10.2,4.4
2020/12/29,1400 UTC,0.0,882.4,882.5,882.3,24.7,18.0,24.7,22.9,18.0,16.7,72.0,66.0,67.0,87.0,7.6,3.3
2020/12/29,1500 UTC,0.0,882.3,882.5,882.3,24.3,17.0,25.3,23.4,18.3,16.4,67.0,61.0,64.0,76.0,7.1,2.5
2020/12/29,1600 UTC,0.0,881.8,882.3,881.8,24.3,17.1,24.7,23.8,17.7,16.4,67.0,62.0,64.0,65.0,6.7,2.0
2020/12/29,1700 UTC,0.0,881.1,881.8,881.1,27.1,18.4,27.1,23.9,18.4,16.1,66.0,57.0,59.0,117.0,6.0,2.9
2020/12/29,1800 UTC,0.0,880.0,881.1,880.0,27.9,17.5,27.9,26.9,18.4,16.8,59.0,53.0,53.0,114.0,6.8,2.1
2020/12/29,1900 UTC,0.0,879.6,880.0,879.5,26.1,16.6,27.9,25.0,18.0,16.0,60.0,51.0,56.0,100.0,5.9,2.8
2020/12/29,2000 UTC,0.0,879.7,879.7,879.5,24.0,16.1,26.1,24.0,17.2,16.0,62.0,56.0,61.0,120.0,6.1,3.3
2020/12/29,2100 UTC,0.0,879.6,879.8,879.6,22.5,15.6,24.0,22.5,16.3,15.5,65.0,61.0,65.0,69.0,7.4,4.7
2020/12/29,2200 UTC,0.0,879.9,879.9,879.5,21.4,16.0,22.5,21.4,16.0,15.6,71.0,65.0,71.0,91.0,10.1,5.5
2020/12/29,2300 UTC,0.0,880.7,880.7,879.9,20.8,15.5,21.4,20.7,16.1,15.5,72.0,71.0,72.0,101.0,10.5,5.3
2020/12/30,0000 UTC,0.0,881.3,881.3,880.7,20.2,15.0,20.8,20.2,15.5,15.0,73.0,71.0,72.0,109.0,8.5,5.2
2020/12/30,0100 UTC,0.0,881.4,881.6,881.3,19.9,14.8,20.2,19.8,15.2,14.7,73.0,72.0,73.0,95.0,7.4,5.5
2020/12/30,0200 UTC,0.0,881.7,881.7,881.3,19.5,14.8,19.9,19.5,14.8,14.6,74.0,72.0,74.0,118.0,8.4,4.6
2020/12/30,0300 UTC,0.0,880.8,881.7,880.8,19.4,14.4,19.5,19.4,14.7,14.4,74.0,73.0,73.0,101.0,6.6,4.1
2020/12/30,0400 UTC,0.0,880.3,880.8,880.3,18.9,14.4,19.4,18.8,14.4,14.3,76.0,73.0,75.0,114.0,6.5,4.1
2020/12/30,0500 UTC,0.0,879.7,880.3,879.7,18.6,14.3,19.1,18.6,14.4,14.3,76.0,74.0,76.0,116.0,6.4,4.3
2020/12/30,0600 UTC,0.0,879.3,879.7,879.3,18.3,14.4,18.6,18.3,14.4,14.3,78.0,76.0,78.0,123.0,6.9,5.0
2020/12/30,0700 UTC,0.0,879.5,879.5,879.2,18.3,14.6,18.3,18.2,14.6,14.4,79.0,78.0,79.0,122.0,7.1,5.4
2020/12/30,0800 UTC,0.0,879.7,879.7,879.5,18.3,14.5,18.3,18.2,14.6,14.5,79.0,79.0,79.0,115.0,7.1,5.3
2020/12/30,0900 UTC,0.0,880.1,880.1,879.6,19.3,14.8,19.3,18.3,14.9,14.5,79.0,75.0,75.0,109.0,8.1,6.0
2020/12/30,1000 UTC,0.0,881.0,881.0,880.1,20.6,15.8,20.6,19.3,15.8,14.8,75.0,73.0,74.0,114.0,10.7,7.7
2020/12/30,1100 UTC,0.0,881.5,881.5,881.0,21.3,16.7,21.4,20.6,16.7,15.7,75.0,73.0,75.0,103.0,10.7,6.4
2020/12/30,1200 UTC,0.0,882.0,882.0,881.5,23.9,17.9,23.9,21.3,18.0,16.6,76.0,69.0,69.0,107.0,9.0,4.6
2020/12/30,1300 UTC,0.0,882.3,882.3,882.0,25.1,17.9,25.2,23.6,18.5,17.8,71.0,64.0,64.0,107.0,7.7,4.2
2020/12/30,1400 UTC,0.0,882.0,882.3,882.0,25.3,18.5,26.9,25.1,19.5,17.8,67.0,61.0,66.0,113.0,6.9,2.1
2020/12/30,1500 UTC,0.0,881.8,882.0,881.8,25.5,17.8,25.5,24.1,18.8,17.3,68.0,63.0,63.0,20.0,5.2,1.7
2020/12/30,1600 UTC,0.0,881.3,881.8,881.3,26.0,17.1,26.7,24.8,18.3,16.9,65.0,57.0,58.0,10.0,5.4,2.2
2020/12/30,1700 UTC,0.0,880.8,881.3,880.8,26.0,17.9,26.1,25.3,18.1,16.9,62.0,58.0,61.0,85.0,5.7,2.7
2020/12/30,1800 UTC,0.0,880.3,880.8,880.3,26.0,17.9,27.4,26.0,18.6,17.5,62.0,56.0,61.0,124.0,5.7,2.4
2020/12/30,1900 UTC,0.0,880.3,880.4,880.2,25.5,18.1,26.0,25.0,18.2,17.4,64.0,61.0,64.0,102.0,4.7,2.0
2020/12/30,2000 UTC,0.0,880.5,880.5,880.3,24.7,18.2,25.8,24.3,18.5,17.6,68.0,62.0,67.0,96.0,3.7,2.2
2020/12/30,2100 UTC,0.0,880.8,880.8,880.4,23.1,17.1,25.3,23.1,18.6,17.0,69.0,65.0,69.0,57.0,5.9,4.0
2020/12/30,2200 UTC,0.0,880.8,880.9,880.8,21.9,16.3,23.1,21.9,17.1,16.3,71.0,69.0,71.0,75.0,6.6,4.4
2020/12/30,2300 UTC,0.0,880.7,880.8,880.7,21.4,16.5,22.0,21.4,16.5,16.3,74.0,70.0,74.0,104.0,8.1,5.7
2020/12/31,0000 UTC,0.0,881.4,881.4,880.7,21.0,16.9,21.4,20.9,16.9,16.5,78.0,74.0,78.0,114.0,9.1,5.8
2020/12/31,0100 UTC,0.0,881.8,881.8,881.4,20.7,17.3,21.0,20.7,17.3,16.9,81.0,78.0,81.0,105.0,8.2,4.5
2020/12/31,0200 UTC,0.0,881.7,881.9,881.7,20.4,17.1,20.7,20.4,17.3,17.0,82.0,80.0,81.0,102.0,6.5,4.6
2020/12/31,0300 UTC,0.0,881.3,881.7,881.3,19.9,17.0,20.4,19.9,17.1,17.0,83.0,81.0,83.0,110.0,6.3,5.1
2020/12/31,0400 UTC,0.0,881.1,881.3,881.0,19.6,16.5,19.9,19.5,17.0,16.4,83.0,81.0,83.0,106.0,6.2,3.6
2020/12/31,0500 UTC,0.0,880.7,881.1,880.7,19.8,15.9,19.8,19.5,16.5,15.9,83.0,78.0,78.0,80.0,5.4,3.6
2020/12/31,0600 UTC,0.0,880.6,880.7,880.5,19.7,15.6,19.8,19.7,15.9,15.5,78.0,76.0,77.0,98.0,5.8,3.1
2020/12/31,0700 UTC,0.0,880.9,881.0,880.6,19.6,15.2,19.7,19.6,15.6,15.2,77.0,75.0,75.0,77.0,4.0,3.2
2020/12/31,0800 UTC,0.0,881.3,881.3,880.9,19.5,14.5,19.6,19.3,15.3,14.5,78.0,73.0,73.0,69.0,5.3,3.4
2020/12/31,0900 UTC,0.0,881.9,881.9,881.3,19.9,14.5,19.9,19.3,14.6,14.2,74.0,71.0,71.0,56.0,5.8,3.9
2020/12/31,1000 UTC,0.0,882.3,882.3,881.9,21.4,16.5,21.4,19.9,16.6,14.5,76.0,70.0,74.0,114.0,6.6,5.0
2020/12/31,1100 UTC,0.0,882.7,882.7,882.3,23.4,17.7,23.4,21.4,17.8,16.5,74.0,70.0,70.0,115.0,8.2,5.5
2020/12/31,1200 UTC,0.0,883.1,883.1,882.7,24.7,17.1,24.7,23.4,17.7,16.5,70.0,62.0,63.0,58.0,7.4,2.8
2020/12/31,1300 UTC,0.0,883.3,883.3,883.0,25.6,17.4,25.6,24.3,17.5,16.3,63.0,59.0,61.0,6.0,6.4,2.1
2020/12/31,1400 UTC,0.0,883.0,883.3,883.0,26.4,16.8,26.9,25.0,18.1,16.6,62.0,54.0,56.0,302.0,5.1,2.4
2020/12/31,1500 UTC,0.0,882.7,883.0,882.7,26.1,17.3,27.8,25.8,17.8,16.3,61.0,52.0,58.0,326.0,6.6,2.8
2020/12/31,1600 UTC,0.0,882.1,882.7,882.1,27.8,17.4,29.2,26.1,18.5,16.9,58.0,50.0,53.0,311.0,7.2,3.1
2020/12/31,1700 UTC,0.0,881.1,882.1,881.1,28.8,17.4,29.1,27.5,18.2,16.5,56.0,48.0,50.0,293.0,8.5,3.9
2020/12/31,1800 UTC,0.0,880.5,881.1,880.5,28.1,16.9,29.8,27.5,18.4,16.6,54.0,47.0,51.0,323.0,7.2,2.9
2020/12/31,1900 UTC,0.0,879.9,880.5,879.8,27.4,16.7,28.1,26.7,17.8,16.2,56.0,50.0,52.0,340.0,5.8,1.5
2020/12/31,2000 UTC,0.0,879.9,880.0,879.8,27.9,17.1,28.3,27.3,17.3,16.1,53.0,50.0,52.0,319.0,4.5,1.7
