Data Medicao,Hora Medicao,PRECIPITACAO TOTAL. HORARIO(mm),PRESSAO ATMOSFERICA AO NIVEL DA ESTACAO. HORARIA(mB),PRESSAO ATMOSFERICA REDUZIDA NIVEL DO MAR. AUT(mB),PRESSAO ATMOSFERICA MAX.NA HORA ANT. (AUT)(mB),PRESSAO ATMOSFERICA MIN. NA HORA ANT. (AUT)(mB),RADIACAO GLOBAL(Kj/m²),TEMPERATURA DA CPU DA ESTACAO(°C),TEMPERATURA DO AR - BULBO SECO. HORARIA(°C),TEMPERATURA DO PONTO DE ORVALHO(°C),TEMPERATURA MAXIMA NA HORA ANT. (AUT)(°C),TEMPERATURA MINIMA NA HORA ANT. (AUT)(°C),TEMPERATURA ORVALHO MAX. NA HORA ANT. (AUT)(°C),TEMPERATURA ORVALHO MIN. NA HORA ANT. (AUT)(°C),TENSAO DA BATERIA DA ESTACAO(V),UMIDADE REL. MAX. NA HORA ANT. (AUT)(%),UMIDADE REL. MIN. NA HORA ANT. (AUT)(%),UMIDADE RELATIVA DO AR. HORARIA(%),VENTO DIRECAO HORARIA (gr)(° (gr)),VENTO. RAJADA MAXIMA(m/s),VENTO. VELOCIDADE HORARIA(m/s);
2021-07-01,0000,0,885.6,null,885.6,885.2,0,18,14.9,8.5,17.7,14.9,8.6,6.8,12.6,66,49,66,138,7,5.3
2021-07-01,0100,0,886.1,1023.93911,886.1,885.6,0,17,14.2,9.5,14.9,14.1,9.5,8.5,12.6,73,66,73,132,8.1,6.3
2021-07-01,0200,0,886,1024.444509,886.1,885.9,0,16,13,9.7,14.2,13,9.7,9.5,12.6,80,73,80,125,9.4,7
2021-07-01,0300,0,885.9,1024.589237,886.1,885.9,0,15,12.5,9.9,13,12.5,10.1,9.5,12.6,85,80,85,126,10.6,8.9
2021-07-01,0400,0,885.7,1024.462319,886,885.6,0,14,12.3,10.2,12.5,12,10.3,9.7,12.6,87,85,87,130,11.2,9.1
2021-07-01,0500,0,885.6,1024.398901,885.8,885.6,0,14,12.2,10.2,12.4,12.1,10.4,10.1,12.5,88,87,88,125,12.5,9.2
2021-07-01,0600,0,885.4,1024.167555,885.6,885.3,0,14,12.2,10.3,12.3,12.1,10.4,10.2,12.5,89,88,89,125,14.7,10
2021-07-01,0700,0,885.5,1024.545033,885.7,885.3,.068,14,11.7,9.9,12.2,11.7,10.3,9.9,12.5,89,89,89,135,15.2,10.8
2021-07-01,0800,0,885.9,1025.112889,885.9,885.4,0,13,11.5,9.7,11.7,11.5,10,9.7,12.5,89,89,89,138,15.2,10.1
2021-07-01,0900,0,886.4,1026.11347,886.4,885.7,.02,13,10.7,9,11.5,10.7,9.7,9,12.4,89,89,89,129,17,11.8
2021-07-01,1000,0,887.1,1027.242242,887.1,886.4,23.699,12,10.1,8.4,10.7,10.1,9,8.4,12.6,89,89,89,132,17,10.9
2021-07-01,1100,0,888,1027.542889,888,887.1,492.042,12,11.5,9.1,11.6,10.1,9.3,8.4,14.4,89,85,85,130,16.2,10.8
2021-07-01,1200,0,888.4,1027.011361,888.5,888,1152.168,14,13.4,8.1,13.7,11.5,9.4,7.7,14.4,85,70,70,134,15.6,10.8
2021-07-01,1300,0,888.9,1025.641341,889,888.4,1979.524,16,17.2,8.7,17.5,13.1,9.5,7.8,14.4,71,58,58,127,14.4,8.4
2021-07-01,1400,0,888.7,1024.556858,889.1,888.7,2383.225,19,18.9,9.3,19,16.2,9.8,8.1,14.3,60,54,54,107,12,6.3
2021-07-01,1500,0,888.2,1023.533002,888.8,888.2,2660.094,22,19.8,9.7,20.7,18.2,10.3,8.6,14.3,56,49,52,115,9.5,4.8
2021-07-01,1600,0,887.4,1022.561621,888.2,887.4,2618.47,23,19.9,8.6,21,18.5,10.1,8.5,14.3,55,47,48,103,8.4,4.9
2021-07-01,1700,0,886.9,1021.591089,887.4,886.9,2291.964,24,20.7,9.1,20.9,18,10,7.4,14.3,54,46,47,78,8.4,3.7
2021-07-01,1800,0,886.8,1022.167499,887,886.8,1764.833,24,19.3,9.3,20.9,18.1,9.6,8,14.3,55,46,52,97,7.9,4.6
2021-07-01,1900,0,886.7,1022.75088,886.8,886.7,790.484,22,17.9,9.1,19.4,16.8,9.7,8.2,14.4,60,51,56,102,7.7,4.9
2021-07-01,2000,0,887,1024.311903,887,886.7,492.823,21,15.5,8.9,18.1,15.5,9.2,8.5,14.4,65,56,65,99,8.1,4.9
2021-07-01,2100,0,887.3,1025.222675,887.4,887,26.419,18,14.4,9.1,15.5,14.4,9.2,8.9,12.9,71,65,70,114,11,8.2
2021-07-01,2200,0,887.6,1026.086542,887.6,887.3,0,16,13.4,8.6,14.4,13.4,9.1,8.5,12.7,73,70,73,115,12.3,9.2
2021-07-01,2300,0,888,1026.757025,888,887.6,0,15,13,8.6,13.6,13,8.8,8.6,12.6,75,73,75,117,12.3,9.3
2021-07-02,0000,0,888.4,null,888.4,888,0,15,12.7,8.9,13,12.5,8.9,8.4,12.6,78,75,78,126,11.7,8.9
2021-07-02,0100,0,888.6,1027.764274,888.6,888.4,0,14,12.4,8.7,12.9,12.4,9,8.6,12.6,78,76,78,123,13,10.3
2021-07-02,0200,0,888.5,1027.858372,888.7,888.5,0,14,12,8.6,12.4,12,8.8,8.5,12.6,80,78,80,131,14.7,10.6
2021-07-02,0300,0,888.5,1027.910911,888.9,888.5,0,13,11.9,8.6,12.1,11.5,8.6,8.2,12.6,81,79,80,134,13.1,8.9
2021-07-02,0400,0,888.3,1027.837347,888.6,888.3,0,13,11.6,7.9,12,11.6,8.6,7.9,12.6,80,77,78,131,12.4,8.9
2021-07-02,0500,0,888.1,1027.658603,888.3,888.1,0,13,11.5,7.9,11.8,11.5,8.2,7.8,12.5,79,77,78,125,11.5,8.2
2021-07-02,0600,0,888.1,1027.922566,888.1,888,0,12,11,7.9,11.6,10.9,8.2,7.6,12.5,81,78,81,115,10.2,6.4
2021-07-02,0700,0,888.2,1028.144186,888.3,888,0,12,10.8,7.9,11.3,10.5,8.3,7.4,12.5,83,80,82,113,8.9,6.1
2021-07-02,0800,0,888.4,1028.322728,888.5,888.2,0,12,10.9,8,11.2,10.7,8.2,7.7,12.5,83,81,82,120,8.5,6.7
2021-07-02,0900,0,888.9,1029.273321,888.9,888.4,0,12,10.2,7.6,11.1,10.1,8.2,7.4,12.4,84,82,84,129,10.1,7.9
2021-07-02,1000,0,889.2,1029.142812,889.3,888.9,17.864,11,11.1,8.3,11.2,10.1,8.6,7.6,12.6,85,82,83,130,11.7,8.8
2021-07-02,1100,0,889.7,1028.566251,889.7,889.2,472.147,13,13.3,8.6,13.4,11,9.1,8.1,14.4,83,73,73,125,11.7,8.8
2021-07-02,1200,0,890.4,1028.546557,890.4,889.6,1263.819,15,14.9,9.1,15.1,13.3,9.4,7.9,14.4,74,67,68,119,11.2,8.4
2021-07-02,1300,0,890.8,1027.833622,890.8,890.4,1982.52,18,17.2,9.5,17.4,14.5,10,8.6,14.4,69,59,60,110,10.7,6.6
2021-07-02,1400,0,890.4,1026.217392,890.8,890.4,2382.027,20,19.5,9.7,19.5,17.1,10,8.2,14.3,60,52,53,107,9,3.4
2021-07-02,1500,0,889.7,1025.06331,890.4,889.7,2249.662,22,20.2,6.7,20.4,16.5,10,6.6,14.3,57,42,42,59,7.5,3.9
2021-07-02,1600,0,889.1,1025.569439,889.7,889.1,1289.686,23,17.8,7.4,21.2,17.4,7.7,5.5,14.3,52,38,51,70,6.4,2.3
2021-07-02,1700,0,888.3,1024.596377,889.1,888.3,1103.661,22,17.9,6.9,18.7,17.4,7.6,5.9,14.4,51,45,48,68,5.2,2.4
2021-07-02,1800,0,888,1024.552417,888.4,888,732.324,22,17.3,7.1,18.1,17.1,7.3,6.4,14.4,51,47,51,108,6.6,4.2
2021-07-02,1900,0,888.2,1025.289721,888.2,888,448.623,21,16.3,6.7,17.5,16.3,7.4,6.7,13.8,53,50,53,105,6.9,4.8
2021-07-02,2000,0,888.5,1025.992967,888.5,888.2,214.46,19,15.6,6.1,16.3,15.6,6.7,6.1,13.6,54,52,53,109,7.4,3.5
2021-07-02,2100,0,888.6,1026.570155,888.7,888.5,20.716,18,14.7,5.1,15.6,14.7,6.2,4.6,12.7,55,48,53,128,6.4,2.3
2021-07-02,2200,0,888.8,1026.852713,888.8,888.6,0,16,14.6,5.1,15,14.2,5.6,5.1,12.7,56,52,53,79,3.9,2.9
2021-07-02,2300,0,889,1027.809051,889.1,888.8,0,15,13.2,5.8,14.6,13.1,5.8,5,12.6,61,53,61,106,5,3.7
2021-07-03,0000,0,888.9,null,889.1,888.9,0,14,12.4,5.3,13.8,12.4,6,5.3,12.6,62,58,62,106,6,4.1
2021-07-03,0100,0,888.8,1028.205426,888.9,888.8,0,14,12,5.6,12.4,12,5.9,5.4,12.6,65,62,65,114,6.1,4.8
2021-07-03,0200,0,888.6,1028.026601,888.8,888.5,0,13,11.9,5.4,12,11.8,5.7,5.4,12.6,66,65,65,122,7.1,5.2
2021-07-03,0300,0,888.4,1027.79522,888.6,888.4,0,12,11.9,5.3,12,11.4,5.5,5.1,12.6,66,64,64,123,6.3,4.9
2021-07-03,0400,0,888.6,1027.974057,888.7,888.4,0,12,12,5.2,12.2,11.5,5.5,5.1,12.6,65,63,63,146,6.2,4.6
2021-07-03,0500,0,888,1027.437594,888.6,888,0,12,11.7,5.2,12.1,11.6,5.5,5,12.5,65,63,64,133,5.6,4.8
2021-07-03,0600,0,887.5,1027.122469,888,887.5,0,12,11.2,5,11.7,11.2,5.3,5,12.5,66,64,66,140,6,4.3
2021-07-03,0700,0,887.2,1026.511974,887.5,887.2,0,12,11.7,5.2,11.7,11.1,5.5,5.1,12.5,67,64,64,122,5.3,3.7
2021-07-03,0800,0,887.3,1026.680263,887.4,887.2,0,12,11.6,4.7,12.4,11.6,5.4,4.6,12.4,64,61,63,130,5.3,3.1
2021-07-03,0900,0,887.6,1027.185438,887.6,887.3,0,12,11.3,4.9,11.9,11.2,5.2,4.6,12.4,65,63,64,127,5,2.7
2021-07-03,1000,0,888.2,1027.144777,888.2,887.6,22.61,12,12.7,5.1,12.7,11.3,5.2,4.7,12.5,65,60,60,117,4.8,3.2
2021-07-03,1100,0,888.6,1026.879688,888.6,888.2,358.539,13,14.1,5.7,14.1,12.3,5.7,4.8,13.8,61,57,57,111,4.9,1.9
2021-07-03,1200,0,889.2,1026.291537,889.3,888.6,1009.815,15,16.6,5.9,16.8,14,6.6,5,14.3,57,49,49,84,3.3,2
2021-07-03,1300,0,889.5,1026.182071,889.5,889.2,1418.854,18,17.5,5,17.8,15.3,6.6,3.9,14.4,50,44,44,64,4.9,1.5
2021-07-03,1400,0,888.9,1025.087594,889.5,888.9,2707.314,21,18.3,5.2,19.6,16.9,5.5,3.5,14.3,47,37,42,138,5.8,1.9
2021-07-03,1500,0,888.1,1023.566561,888.9,888.1,2707.867,23,19.5,4.3,19.9,18,6,3.6,14.3,42,37,37,99,6.1,3.1
2021-07-03,1600,0,887.4,1022.958533,888.1,887.3,2696.805,24,19.1,4.5,20.8,18.2,5.7,3.2,14.3,40,35,38,152,5.8,1.5
2021-07-03,1700,0,886.5,1021.52454,887.4,886.5,2438.107,24,19.9,3.7,21.3,19,5.1,3.2,14.3,38,33,34,296,6.3,2.9
2021-07-03,1800,0,886,1020.997793,886.6,886,1949.427,24,19.8,4.1,21.3,19.2,5.3,3.1,14.3,37,33,36,66,6.3,2.4
2021-07-03,1900,0,886.2,1021.475911,886.2,885.9,1264.716,24,19.3,4.4,20.3,19.2,5,3.7,14.3,38,35,38,99,5,.8
2021-07-03,2000,0,886.4,1022.60572,886.4,886.1,395.229,23,17.5,4.5,19.5,17.5,5.2,4.4,14.4,42,38,42,143,3,1.4
2021-07-03,2100,0,886.8,1023.470889,886.8,886.4,27.532,20,16.7,4.9,17.5,16,5.2,4.4,13,49,42,46,105,3.3,1.5
2021-07-03,2200,0,886.9,1024.709028,886.9,886.7,0,18,14.5,5.9,17,14.5,6,4.1,12.7,56,44,56,108,6.6,4.5
2021-07-03,2300,0,887.1,1025.30129,887.1,886.8,0,16,13.8,5.6,14.6,13.8,6,5.6,12.7,58,56,58,119,7.2,4.1
2021-07-04,0000,0,887.2,null,887.2,886.9,0,15,13.4,6,13.9,13.4,6.1,5.7,12.6,61,58,61,118,10.1,7.5
2021-07-04,0100,0,887.5,1026.126849,887.6,887.2,0,15,13.1,6.3,13.8,12.9,6.5,5.9,12.6,64,60,63,120,10.3,8.3
2021-07-04,0200,0,887.3,1026.051833,887.5,887.2,0,14,12.8,6.3,13.2,12.7,6.4,6.1,12.6,65,63,65,129,11.3,9.4
2021-07-04,0300,0,887,1025.652824,887.3,887,0,14,12.9,6.4,13,12.7,6.5,6.3,12.6,66,64,64,120,11.4,8.2
2021-07-04,0400,0,886.7,1025.566714,887.3,886.7,0,14,12.4,6.3,13.1,12.3,6.4,6.1,12.6,66,64,66,121,9.8,5.7
2021-07-04,0500,0,886.3,1025.365717,886.9,886.3,0,13,11.9,6.2,12.4,11.7,6.3,6,12.6,69,66,68,139,6.9,4.8
2021-07-04,0600,0,886,1025.228603,886.4,886,0,13,11.5,5.8,11.9,11.5,6.2,5.8,12.5,69,68,68,133,6.4,4.9
2021-07-04,0700,0,885.9,1025.376198,886,885.8,0,12,11,6.2,11.6,10.8,6.2,5.8,12.5,72,68,72,134,7.4,5.8
2021-07-04,0800,0,886.2,1025.72343,886.2,885.9,0,12,11,5.8,11.1,10.8,6.3,5.8,12.5,72,70,70,140,7.4,5.5
2021-07-04,0900,0,886.8,1026.523603,886.8,886.2,0,12,10.8,5.7,11.2,10.6,6,5.5,12.4,72,70,71,146,7.4,5.7
2021-07-04,1000,0,887.4,1026.848603,887.4,886.8,29.315,11,11.5,6,11.5,10.7,6,5.5,13.2,71,69,69,135,8.9,5.1
2021-07-04,1100,0,888,1026.238007,888,887.4,458.807,13,14,5.7,14.1,11.5,6.9,5.7,14.4,69,57,57,123,8.9,5.3
2021-07-04,1200,0,888.7,1025.968712,888.8,888,1325.483,15,16.1,6.2,16.1,13.9,6.9,4.9,14.4,58,50,52,118,10,5.9
2021-07-04,1300,0,888.9,1025.389082,889.1,888.7,1970.253,18,17.7,4.9,18,16.1,6.5,3.2,14.4,52,41,43,115,10.7,6.8
2021-07-04,1400,0,888.8,1024.323662,889,888.8,2629.292,21,19.6,4,20,17.3,5.4,3.3,14.3,43,35,36,127,10.9,6.4
2021-07-04,1500,0,887.9,1023.236843,888.8,887.9,2615.14,22,19.7,3.9,19.9,17.3,4.6,2.6,14.3,40,34,35,76,11.6,4.3
2021-07-04,1600,0,886.9,1022.631268,887.9,886.9,2712.926,23,18.6,2.3,20.6,18.3,4.8,2.2,14.3,37,32,34,98,7.4,3.2
2021-07-04,1700,0,886.4,1021.557712,887,886.4,2455.062,24,19.6,2.9,20.5,18.4,4.3,2.1,14.3,37,33,33,90,6.4,3.6
2021-07-04,1800,0,886.2,1021.525548,886.4,886.2,1984.77,24,19.2,3,20.4,18.7,4.2,2.2,14.3,36,33,34,70,6.6,3.2
2021-07-04,1900,0,886.2,1021.923962,886.2,886.1,1339.509,23,18.4,3.3,20,18.3,4.1,2.7,14.3,37,34,37,89,7.1,3.5
2021-07-04,2000,0,886.4,1023.364287,886.4,886.2,430.918,22,16,4.2,18.4,16,4.2,3,14.4,46,37,46,104,7.8,5.4
2021-07-04,2100,0,886.9,1024.606202,886.9,886.4,43.209,19,14.7,3.9,16,14.5,4.2,3.8,13.1,49,46,48,113,8,5.7
2021-07-04,2200,0,887.3,1025.429036,887.3,886.8,0,17,14,3.6,14.8,14,4,3.5,12.7,50,47,50,125,9.4,6.8
2021-07-04,2300,0,887.9,1026.27772,887.9,887.3,0,15,13.7,3.8,14.1,13.7,3.9,3.6,12.6,51,50,51,129,11.1,7.6
2021-07-05,0000,0,888.1,null,888.2,887.9,0,15,13.2,3.5,13.8,13,3.9,3.5,12.6,53,51,52,135,10.9,7.2
2021-07-05,0100,0,888.5,1027.596272,888.6,888.1,0,14,12.5,3.2,13.4,12.4,3.4,2.9,12.6,53,50,53,139,11.5,5.7
2021-07-05,0200,0,888.4,1027.637741,888.6,888.4,0,13,12.2,3.2,12.6,12,3.4,3,12.6,55,53,54,129,8.4,7.1
2021-07-05,0300,0,888.1,1027.500702,888.4,888.1,0,13,11.8,3.2,12.2,11.7,3.3,3.1,12.6,56,54,55,128,9.2,6.4
2021-07-05,0400,0,887.5,1026.964317,888.2,887.5,0,13,11.5,3,11.9,11.5,3.2,2.9,12.6,56,55,56,133,8.3,6.8
2021-07-05,0500,0,887.1,1026.50146,887.5,887.1,0,12,11.5,2.6,11.7,11.3,3.1,2.6,12.6,56,54,55,140,9.7,7.1
2021-07-05,0600,0,886.7,1026.091233,887.1,886.7,0,12,11.4,2.2,11.6,11.3,2.6,2.2,12.5,55,53,53,134,9.6,7.5
2021-07-05,0700,0,886.7,1026.196612,886.8,886.6,0,12,11.2,2.1,11.5,11.2,2.3,2,12.5,54,52,53,137,9.6,7.9
2021-07-05,0800,0,886.9,1026.480837,886.9,886.6,0,12,11.1,2.4,11.3,11,2.4,2,12.5,55,53,55,138,9.7,7.8
2021-07-05,0900,0,887.2,1026.88087,887.2,886.9,0,12,11,2.5,11.1,10.9,2.5,2.3,12.4,56,55,56,138,10.1,8
2021-07-05,1000,0,887.8,1027.41689,887.8,887.2,33.88,12,11.3,2.9,11.3,10.9,2.9,2.4,13,57,55,56,137,11.1,8.2
2021-07-05,1100,0,888.5,1026.971229,888.5,887.8,433.561,13,13.7,3.5,13.8,11.3,3.9,2.9,14.4,56,50,50,129,10.8,8.1
2021-07-05,1200,0,889.2,1026.596936,889.2,888.5,1261.857,15,16,4.2,16.1,13.6,4.4,3.4,14.4,50,45,45,127,10.5,7.8
2021-07-05,1300,0,889.4,1025.965856,889.4,889.2,1901.34,18,17.7,4.8,17.7,15.7,5.1,3.7,14.4,46,42,43,123,11.5,7.7
2021-07-05,1400,0,889.3,1025.548877,889.5,889.2,2421.752,20,18.3,4.1,19,16.9,5.4,4.1,14.3,44,39,39,115,11.2,7.1
2021-07-05,1500,0,888.6,1024.04354,889.3,888.6,2721.522,22,19.7,5,20.1,18.1,5.8,3.9,14.3,41,37,38,105,10.4,4.9
2021-07-05,1600,0,887.8,1022.726248,888.6,887.8,2774.038,23,20.5,4.4,21.4,19,5.5,3.1,14.3,39,33,35,139,7.6,1.9
2021-07-05,1700,0,887.1,1022.117095,887.8,887.1,2553.894,24,20.1,4,21.3,18.6,5,2.6,14.3,37,32,35,111,6.3,3.2
2021-07-05,1800,0,886.6,1021.98663,887.1,886.6,1776.722,24,19.2,4.1,20.3,18.2,4.8,2.9,14.3,40,34,37,93,6.7,2.9
2021-07-05,1900,0,886.7,1022.450581,886.7,886.5,1161.939,23,18.5,3.7,19.3,17.9,4.6,3.4,14.3,40,36,38,95,5.7,2.1
2021-07-05,2000,0,886.8,1023.826094,886.8,886.6,453.638,22,16,3.6,18.9,15.9,4.2,3.4,14.4,44,37,44,105,4.7,2.9
2021-07-05,2100,0,887.1,1024.5808,887.1,886.8,46.021,19,15.2,4.4,16.1,15.2,4.7,3.4,13,49,43,49,98,4.8,3.2
2021-07-05,2200,0,887.3,1025.274208,887.3,887.1,0,17,14.3,5.4,15.1,14.2,5.9,4.5,12.6,56,49,55,114,8.9,6.9
2021-07-05,2300,0,887.7,1025.994764,887.7,887.3,0,16,13.8,5.4,14.4,13.8,5.6,5.2,12.6,57,55,57,130,10,8
2021-07-06,0000,0,887.8,null,887.9,887.7,0,15,13.6,5,14,13.6,5.5,4.9,12.6,57,55,56,136,10.3,7.8
2021-07-06,0100,0,887.9,1026.537297,888,887.8,0,15,13.2,4.7,13.7,13,4.9,4.4,12.6,56,55,56,129,14.4,9.2
2021-07-06,0200,0,888,1027.122659,888,887.8,0,14,12.3,4.7,13.2,12.3,4.9,4.5,12.6,60,56,60,131,14.4,10.2
2021-07-06,0300,0,887.6,1026.764764,888,887.6,0,13,12.1,4.9,12.3,11.9,5,4.7,12.6,62,60,61,138,12.5,9
2021-07-06,0400,0,887.3,1026.627677,887.6,887.2,0,13,11.7,4.9,12.1,11.7,5.1,4.8,12.6,63,61,63,142,10.5,8.2
2021-07-06,0500,0,886.7,1026.091233,887.3,886.7,0,13,11.4,5.4,11.7,11.4,5.5,4.9,12.5,67,63,66,136,10.5,7.6
2021-07-06,0600,0,886.3,1025.733683,886.7,886.3,0,12,11.2,5.3,11.6,11.2,5.5,5.3,12.5,67,66,67,138,10.2,8.2
2021-07-06,0700,0,886,1025.333819,886.3,886,0,12,11.3,5.5,11.5,11.1,5.6,5.3,12.5,68,67,67,135,11.1,8.5
2021-07-06,0800,0,886,1025.386487,886,885.8,0,12,11.2,5.7,11.3,10.9,5.7,5.4,12.5,69,67,69,140,11,8.1
2021-07-06,0900,0,886.5,1026.070662,886.5,886,0,12,11,5.4,11.2,11,5.7,5.4,12.4,69,68,69,142,12.7,8
2021-07-06,1000,0,886.8,1026.365099,886.8,886.5,29.99,12,11.1,5.9,11.1,10.5,5.9,5.2,13.2,71,69,70,130,10.1,8.2
2021-07-06,1100,0,887.3,1026.365339,887.3,886.8,464.652,13,12.2,6.4,12.3,11.1,6.4,5.7,14.4,70,67,67,126,12.1,9.8
2021-07-06,1200,0,888,1025.825576,888,887.3,1304.946,15,14.8,7.1,14.9,12,7.3,6.1,14.4,68,60,60,131,13.4,8.8
2021-07-06,1300,0,888.2,1024.581598,888.2,887.9,1969.981,17,17.7,7.6,17.8,14.7,7.9,6.2,14.4,60,51,52,106,11.7,6.8
2021-07-06,1400,0,887.8,1023.519274,888.2,887.7,2459.602,20,18.9,6.9,19.3,16.9,7.9,6.6,14.3,52,45,46,103,10.4,5.7
2021-07-06,1500,0,886.9,1023.081985,887.8,886.9,2461.688,22,17.7,4.6,20.1,17.5,7.4,3.6,14.3,47,37,42,119,7.8,2.3
2021-07-06,1600,0,885.9,1020.488338,886.9,885.9,1591.135,22,20.6,3.3,21.4,17,6.5,3,14.3,46,32,32,35,5.9,2
2021-07-06,1700,0,885.2,1020.621299,885.9,885.2,2191.004,24,18.7,3.4,21.2,18.5,4,1,14.3,36,30,36,120,5.9,1.9
2021-07-06,1800,0,884.7,1019.995072,885.2,884.7,1270.235,23,18.8,3.1,20,18,4.7,2.4,14.3,38,32,35,108,5.1,2.1
2021-07-06,1900,0,884.6,1020.478958,884.7,884.5,539.149,22,17.6,4.2,18.9,17.4,4.3,3,14.4,42,36,41,106,5.3,3.5
2021-07-06,2000,0,884.7,1021.047243,884.7,884.5,499.595,21,16.7,3.6,18.2,16.7,4.6,3.5,13.7,42,40,42,121,5.3,3.6
2021-07-06,2100,0,884.8,1021.873307,884.9,884.7,31.546,19,15.3,4.4,16.7,15.3,4.6,3.6,12.9,48,42,48,141,5.3,4.6
2021-07-06,2200,0,885.2,1022.642248,885.2,884.8,0,18,14.7,6.9,15.5,14.6,6.9,4.3,12.7,59,48,59,129,12.2,7.9
2021-07-06,2300,0,885.6,1023.670973,885.7,885.2,0,16,13.6,7.3,14.7,13.6,7.4,6.8,12.6,66,59,66,136,12.2,7.7
2021-07-07,0000,0,885.7,null,885.8,885.6,0,16,13.7,7.6,13.8,13.6,7.6,7.4,12.6,67,66,67,133,10.4,8.1
2021-07-07,0100,0,885.7,1023.890098,885.9,885.7,0,15,13.4,7.6,13.7,13.3,7.7,7.5,12.6,68,67,68,132,11.8,8.7
2021-07-07,0200,0,885.7,1023.890098,885.9,885.7,0,15,13.4,7.4,13.5,13.3,7.7,7.3,12.6,68,67,67,138,11.4,7.6
2021-07-07,0300,0,885.5,1023.710706,885.7,885.5,0,15,13.3,7.1,13.6,13.3,7.4,7.1,12.6,67,66,66,140,9.4,6.9
2021-07-07,0400,0,884.9,1023.432685,885.5,884.9,0,14,12.5,6.8,13.4,12.4,7.2,6.7,12.6,69,66,68,128,9.6,8
2021-07-07,0500,0,884.5,1023.283287,884.9,884.5,0,14,11.9,6.6,12.6,11.9,6.8,6.5,12.6,70,67,70,128,10.2,8.2
2021-07-07,0600,0,884.1,1023.135022,884.5,884,0,13,11.3,6.5,11.9,11.3,6.6,6.4,12.5,72,70,72,134,10.7,8.6
2021-07-07,0700,0,883.9,1022.90357,884.1,883.9,0,13,11.3,6,11.5,11.1,6.6,6,12.5,72,70,70,134,11.7,9
2021-07-07,0800,0,884.1,1023.082507,884.2,883.9,0,12,11.4,6.1,11.4,11.2,6.2,5.9,12.5,71,69,70,132,12.7,9.2
2021-07-07,0900,0,884.6,1023.871526,884.6,884.1,0,12,11,6.1,11.5,11,6.2,5.9,12.4,72,69,72,130,12.5,9.5
2021-07-07,1000,0,885.2,1024.46063,885.2,884.6,33.771,12,11.2,6.6,11.2,10.8,6.6,6.1,13.1,74,72,73,128,12.7,9.7
2021-07-07,1100,0,885.9,1024.85057,885.9,885.2,411.288,13,12,6.2,12.8,11.2,7,6.2,13.6,73,67,68,134,11.9,9.8
2021-07-07,1200,0,886.5,1023.990211,886.6,885.9,1307.709,15,15,6.8,15.6,11.9,7.5,6.3,14.4,69,57,58,125,12.1,8.7
2021-07-07,1300,0,886.8,1024.029897,886.9,886.5,1532.674,17,15.6,7.1,16.4,14.6,8.1,6.5,14.4,60,55,57,117,11.5,7.4
2021-07-07,1400,0,886.9,1023.132249,886.9,886.8,1850.216,19,17.6,7.7,18.2,15.6,9.4,6.8,14.3,59,51,52,102,9.5,5.5
2021-07-07,1500,0,886.4,1021.805774,886.9,886.4,2269.151,21,19.1,6.8,19.9,17.4,8.4,6.5,14.3,52,44,45,106,8.5,4.1
2021-07-07,1600,0,885.4,1020.256997,886.4,885.4,2321.292,23,19.9,4.9,21.3,18.7,7.1,3.9,14.3,45,36,37,110,6.5,2.5
2021-07-07,1700,0,884.8,1020.509319,885.4,884.8,1044.424,23,18,4.7,20.2,17.6,6.3,3.1,14.3,42,36,41,165,6.4,2.7
2021-07-07,1800,0,884.2,1018.530069,884.8,884.2,1087.743,22,20.6,4,21,18,5.4,4,14.4,42,34,34,30,4.2,1.6
2021-07-07,1900,0,884.2,1019.817292,884.2,884.2,554.094,22,18,4.8,20.6,17.8,5.3,2.5,14.4,43,33,42,111,5.8,3.8
2021-07-07,2000,0,884.5,1021.323103,884.5,884.2,209.761,21,15.7,5,18,15.7,5.2,4.6,13.5,49,42,49,132,7.4,4.2
2021-07-07,2100,0,884.7,1022.115881,884.7,884.5,26.285,18,14.6,5.4,15.7,14.5,5.4,4.9,12.6,54,49,54,133,6.2,5.3
2021-07-07,2200,0,884.6,1022.102985,884.7,884.6,0,17,14.4,6.4,15.1,14.4,6.4,5.1,12.6,59,52,59,121,8.8,6.4
2021-07-07,2300,0,885,1023.080881,885,884.6,0,16,13.4,7,14.4,13.3,7,6.4,12.6,65,59,65,129,8.8,6.4
2021-07-08,0000,0,885,null,885,884.9,0,15,13.1,6.7,13.6,12.9,7,6.4,12.6,65,64,65,134,8.8,7.2
2021-07-08,0100,0,885.1,1023.559831,885.2,885,0,14,12.7,6.8,13.2,12.6,6.9,6.6,12.6,68,65,68,134,9.9,7.5
2021-07-08,0200,0,884.9,1023.432685,885.1,884.9,0,14,12.5,6.8,12.8,12.3,7,6.7,12.6,69,67,68,134,9.4,7.1
2021-07-08,0300,0,884.7,1023.305649,884.9,884.6,0,13,12.3,6.8,12.6,12.2,7,6.5,12.6,69,68,69,131,10.5,8
2021-07-08,0400,0,884.4,1023.1153,884.7,884.4,0,13,12,6.8,12.3,11.7,7,6.6,12.6,72,69,71,133,10.2,8.2
2021-07-08,0500,0,884,1022.914317,884.5,884,0,13,11.5,6.5,12.3,11.4,7,6.4,12.5,72,69,72,130,10.3,8.2
2021-07-08,0600,0,883.8,1022.682889,884,883.8,0,12,11.5,6.5,11.6,10.9,6.8,6.3,12.5,74,71,72,131,11.1,8.8
2021-07-08,0700,0,883.6,1022.346687,883.8,883.6,0,12,11.7,6.4,11.8,11.2,6.8,6.4,12.5,73,70,70,133,11.1,8.4
2021-07-08,0800,0,883.5,1022.598341,883.6,883.5,0,12,11,6.3,11.7,11,6.6,6.2,12.4,73,70,72,127,11.5,8.9
2021-07-08,0900,0,884,1023.071845,884,883.5,0,12,11.2,6.2,11.2,10.6,6.5,6,12.4,75,71,71,131,11,8.8
2021-07-08,1000,0,884.5,1023.074315,884.5,884,33.387,12,12.3,6.1,12.3,11.1,6.2,5.6,13.1,71,66,66,135,10.7,7.8
2021-07-08,1100,0,885.2,1022.693544,885.2,884.5,446.929,13,14.6,6,14.7,12.3,6.2,5.8,14.4,66,56,56,121,10.4,7.4
2021-07-08,1200,0,886,1022.59818,886,885.2,1300.564,16,16.6,6.7,16.8,14.7,7,5.8,14.4,56,51,52,114,10.2,7.1
2021-07-08,1300,0,886.1,1022.159146,886.2,886,1965.811,18,17.7,8.2,17.8,15.5,8.2,5.6,14.4,55,51,54,107,11.5,6.6
2021-07-08,1400,0,886,1021.245381,886.2,886,2459.873,21,19.3,7.8,19.7,17.7,9,7.3,14.3,54,46,47,106,9.2,4.6
2021-07-08,1500,0,885.5,1019.635819,886,885.5,2928.745,23,21.4,4.9,22.1,18.2,8.4,4.1,14.3,50,32,34,24,6.9,2.2
2021-07-08,1600,0,884.7,1019.155115,885.5,884.7,2944.033,25,20.5,3.5,22.3,19.9,5.4,3.1,14.3,35,31,33,252,5.4,1.8
2021-07-08,1700,0,883.8,1017.096051,884.7,883.8,2531.447,26,22.6,3.8,22.6,20.1,4.8,2.5,14.3,34,29,29,333,6,1.9
2021-07-08,1800,0,883.5,1017.479166,883.9,883.5,2067.56,26,21.1,2.5,23,21.1,4.1,2.2,14.3,30,28,29,292,8.5,4.3
2021-07-08,1900,0,883.4,1017.608531,883.5,883.3,1328.2,25,20.6,2.2,21.7,20.4,2.9,1.7,14.3,30,28,29,310,7.9,2.5
2021-07-08,2000,0,883.7,1018.891823,883.7,883.4,431.109,23,18.7,3.4,20.8,18.7,3.6,1.7,13.5,37,29,36,162,5.7,.7
2021-07-08,2100,0,883.9,1019.92246,883.9,883.7,29.997,21,17.1,4.1,18.7,16.4,4.9,3.4,12.7,46,36,42,95,3.9,2.6
2021-07-08,2200,0,884.2,1021.282412,884.2,883.9,0,18,15.1,6.1,17.1,15.1,6.1,4.1,12.7,55,42,55,111,8.2,5
2021-07-08,2300,0,884.6,1021.693355,884.6,884.2,0,17,15.2,6,15.4,15.1,6.2,5.9,12.6,55,54,54,110,9,6.2
2021-07-09,0000,0,885,null,885,884.6,0,17,14.9,6.2,15.5,14.9,6.2,6,12.6,56,54,56,117,10.6,7.6
2021-07-09,0100,0,885.3,1023.066158,885.3,885,0,16,14.1,6.6,14.9,14.1,6.7,6.1,12.6,61,56,61,124,10.7,7.6
2021-07-09,0200,0,885.2,1023.002122,885.4,885.2,0,15,14,6.7,14.3,13.8,6.8,6.6,12.6,62,60,61,122,9.7,7.4
2021-07-09,0300,0,885.2,1023.15693,885.3,885.1,0,15,13.7,6.6,14.1,13.6,6.8,6.5,12.6,63,61,62,121,10,7.7
2021-07-09,0400,0,884.9,1022.913539,885.2,884.9,0,15,13.5,6.5,13.9,13.4,6.7,6.3,12.6,63,61,62,123,10.9,7.9
2021-07-09,0500,0,884.5,1022.813982,884.9,884.5,0,14,12.8,6.5,13.5,12.8,6.7,6.3,12.5,66,62,66,131,10.9,8.6
2021-07-09,0600,0,884.1,1022.611647,884.5,884.1,0,14,12.3,6.5,12.8,12.1,6.7,6.4,12.5,69,65,68,133,10.7,8.3
2021-07-09,0700,0,883.9,1022.17211,884.1,883.9,0,13,12.7,6.3,12.7,12.2,6.7,6.2,12.5,68,65,65,134,10.3,8.2
2021-07-09,0800,0,884.2,1022.623099,884.2,883.9,0,13,12.5,6,12.8,12.4,6.3,5.9,12.5,65,64,65,135,10.1,8.1
2021-07-09,0900,0,884.3,1023.104235,884.3,884.1,0,13,11.8,5.9,12.6,11.8,6.2,5.7,12.4,67,64,67,134,11.1,8.2
2021-07-09,1000,0,884.8,1023.057,884.8,884.3,33.7,13,13,5.7,13,11.6,6.1,5.6,13.1,68,62,62,133,11.1,8.1
2021-07-09,1100,0,885.4,1022.311435,885.4,884.8,442.383,14,15.8,6,15.8,13,6,5.8,14.3,62,52,52,128,10.9,7.7
2021-07-09,1200,0,886.3,1021.740214,886.3,885.4,1295.578,17,19,5.8,19,15.7,6.3,5.5,14.3,52,42,42,126,10.9,6.3
2021-07-09,1300,0,886.6,1021.590365,886.6,886.3,1971.602,20,20,5.9,20.1,18.2,6.7,5.2,14.3,44,40,40,109,8.9,5.1
2021-07-09,1400,0,886.8,1021.083863,886.9,886.6,2468.999,22,21.5,5.1,21.6,19.7,6.2,4.3,14.3,41,34,34,98,8.7,4.2
2021-07-09,1500,0,886.2,1020.441855,886.8,886.2,2722.747,24,21.4,4,22,19.3,5.4,2.7,14.3,36,32,32,132,7.7,2.9
2021-07-09,1600,0,885.6,1019.799816,886.2,885.6,2707.085,25,21.3,3,23,20.5,5.1,1.4,14.3,33,27,30,123,9,4
2021-07-09,1700,0,884.9,1018.993742,885.6,884.9,2438.956,26,21.3,3.1,22.9,20.9,3.7,1.9,14.3,30,27,30,160,8.8,2.9
2021-07-09,1800,0,884.4,1018.760453,884.9,884.4,1955.681,26,20.6,1.8,22.3,20.2,4,1.7,14.3,31,28,29,136,8.2,3.1
2021-07-09,1900,0,884.4,1018.956942,884.4,884.3,1283.721,25,20.2,3,21.3,20,3.1,1.6,14.3,32,28,32,87,6.4,3.7
2021-07-09,2000,0,884.7,1020.744959,884.7,884.4,442.411,23,17.3,5.6,20.2,17.3,5.6,2,13.5,46,31,46,108,6.9,4.7
2021-07-09,2100,0,885,1021.798753,885.1,884.7,22.861,20,15.9,5.4,17.3,15.8,5.8,5.1,12.7,50,46,50,96,7.5,5.3
2021-07-09,2200,0,885.2,1022.48859,885.2,884.9,0,18,15,5.3,15.9,15,5.6,5.1,12.7,52,50,52,129,9.1,6.6
2021-07-09,2300,0,885.5,1023.142882,885.5,885.2,0,17,14.4,4.8,15.2,14.4,5.6,4.8,12.7,54,52,52,133,12.4,8.1
2021-07-10,0000,0,885.8,null,885.9,885.5,0,16,14.3,4.7,14.5,14.1,4.8,4.5,12.6,53,52,52,132,12.4,8.2
2021-07-10,0100,0,886.1,1024.042228,886.1,885.8,0,15,14,4.4,14.3,13.8,4.7,4.4,12.6,53,52,52,134,10.5,7.5
2021-07-10,0200,0,886.2,1024.416294,886.2,886.1,0,15,13.5,4.8,14,13.4,4.8,4.3,12.6,56,52,56,140,9.8,7.8
2021-07-10,0300,0,886,1024.340629,886.2,886,0,14,13.2,5.8,13.5,13.1,5.8,4.8,12.6,61,56,61,138,12.7,8.2
2021-07-10,0400,0,886,1024.496508,886.1,886,0,14,12.9,6.2,13.2,12.8,6.3,5.8,12.6,64,61,64,134,11.1,7.4
2021-07-10,0500,0,885.6,1024.19014,886,885.6,0,14,12.6,6.4,12.9,12.6,6.4,6.2,12.5,66,64,66,134,10,7.4
2021-07-10,0600,0,885.2,1023.883984,885.7,885.2,0,13,12.3,6.2,12.7,12.3,6.4,6.1,12.5,66,65,66,138,9.3,6.6
2021-07-10,0700,0,884.9,1023.484815,885.2,884.9,0,13,12.4,6.1,12.4,12.2,6.3,6,12.5,67,66,66,140,8.1,6.4
2021-07-10,0800,0,884.9,1023.798414,884.9,884.8,0,13,11.8,5.9,12.4,11.8,6.1,5.9,12.4,67,66,67,139,8.1,5.8
2021-07-10,0900,0,885.2,1023.988474,885.2,884.9,0,12,12.1,5.9,12.1,11.8,6.1,5.8,12.4,67,66,66,140,7.1,5.5
2021-07-10,1000,0,885.7,1024.410103,885.7,885.2,36.09,12,12.4,6.3,12.4,11.5,6.3,5.6,13.2,68,66,66,124,6.5,5.3
2021-07-10,1100,0,886.4,1023.721179,886.4,885.7,441.707,14,15.3,7.6,15.3,12.4,7.6,6.4,14.4,66,60,60,124,8.1,6.6
2021-07-10,1200,0,887.3,1023.292524,887.3,886.4,1318.298,17,18.2,7.8,18.2,15.2,8.2,7.3,14.4,60,51,51,122,8.3,4.6
2021-07-10,1300,0,887.5,1022.627396,887.5,887.3,1967.4,20,20,7.7,20,18.2,8,6.2,14.3,51,44,45,105,6.4,3.5
2021-07-10,1400,0,887.4,1022.314727,887.5,887.4,2451.511,22,20.4,6.5,21,18.9,7.4,5,14.3,45,39,40,128,6.4,1.8
2021-07-10,1500,0,886.6,1021.442362,887.4,886.6,2725.147,24,20.3,5.6,21.7,19.9,6.9,4.6,14.3,41,35,38,99,6.3,1.3
2021-07-10,1600,0,885.7,1019.817295,886.6,885.7,2750.813,25,21.5,5.2,22.8,20.3,6.6,4.4,14.3,39,33,35,27,6.3,2.1
2021-07-10,1700,0,885,1018.719354,885.7,885,2484.119,26,22.1,4,23,20.9,6.1,3,14.3,36,29,31,101,8.4,4.6
2021-07-10,1800,0,884.7,1019.007968,885.1,884.7,2034.629,26,20.8,3.6,22.2,19.9,4.7,2.7,14.3,34,30,32,101,7.2,3.6
2021-07-10,1900,0,884.3,1018.743423,884.7,884.3,1366.372,25,20.4,4.1,21.4,19.8,4.4,3.4,14.3,35,32,34,89,6.9,3.6
2021-07-10,2000,0,884.6,1020.178707,884.6,884.3,501.389,24,18.2,4.1,20.4,18.2,4.5,3.4,14.3,39,34,39,99,5,2.9
2021-07-10,2100,0,884.8,1020.759861,884.9,884.6,39.63,21,17.5,5.3,18.2,17.3,5.3,4.1,13,45,39,45,72,5,3.9
2021-07-10,2200,0,884.9,1021.531053,884.9,884.8,0,19,16.2,6.3,17.5,16,6.3,5.1,12.7,52,45,52,111,7.7,5.9
2021-07-10,2300,0,885.2,1022.182301,885.2,884.9,0,18,15.6,6.3,16.3,15.6,6.3,6,12.6,54,51,54,128,9.1,6.8
2021-07-11,0000,0,885.4,null,885.4,885.1,0,17,15.3,6.3,15.8,15.3,6.3,6.2,12.6,55,53,55,130,9.5,7.7
2021-07-11,0100,0,885.7,1023.219881,885.7,885.4,0,16,14.7,6.3,15.3,14.7,6.5,6.2,12.6,58,55,57,135,9.6,7.2
2021-07-11,0200,0,885.8,1023.540959,885.8,885.7,0,16,14.3,6.3,14.7,14.3,6.4,6.2,12.6,59,57,59,133,8.4,6.6
2021-07-11,0300,0,885.5,1023.245776,885.8,885.5,0,15,14.2,6.2,14.4,14.1,6.4,6.2,12.6,59,58,59,133,8.3,7.3
2021-07-11,0400,0,885.3,1023.220868,885.6,885.3,0,15,13.8,6.2,14.2,13.8,6.3,6.1,12.6,60,59,60,130,9,7.2
2021-07-11,0500,0,884.9,1023.172626,885.3,884.9,0,14,13,6.3,13.8,12.9,6.4,6,12.6,64,60,64,135,8.2,6.3
2021-07-11,0600,0,884.7,1022.527394,885.1,884.7,0,14,13.8,5.7,13.9,13,6.4,5.6,12.5,64,58,58,125,8.3,6.1
2021-07-11,0700,0,884.9,1022.810175,884.9,884.7,0,14,13.7,5.5,13.9,13.3,5.7,5.5,12.5,59,58,58,130,7.6,4.8
2021-07-11,0800,0,884.8,1022.642973,884.9,884.8,0,14,13.8,5.2,14.1,13.5,5.6,5.2,12.5,58,56,56,108,6.4,4.2
2021-07-11,0900,0,885,1022.92576,885,884.7,0,14,13.7,5.4,14.2,13.5,5.6,5,12.4,58,55,57,117,5.3,3.7
2021-07-11,1000,0,885.5,1023.19431,885.5,885,38.732,14,14.3,6.1,14.3,12.9,6.1,5.1,13.2,60,57,58,111,5.5,3.8
2021-07-11,1100,0,886.3,1022.792737,886.3,885.5,421.889,15,16.9,6.8,17,14.3,7.1,6.1,14.3,58,51,52,99,5.6,4.2
2021-07-11,1200,0,887.2,1022.777748,887.2,886.3,1308.353,18,19,7.4,19.1,16.9,7.7,6.8,14.3,52,46,47,102,5.6,3.5
2021-07-11,1300,0,887.4,1022.462755,887.4,887.1,1879.002,21,20.1,7.5,20.8,18.7,8.3,6.5,14.3,48,42,44,120,6.3,4
2021-07-11,1400,0,887.3,1022.495871,887.4,887.3,1237.761,22,19.8,6.3,21.2,17.2,8.7,5.4,14.3,51,41,41,110,6,1.5
2021-07-11,1500,0,886.4,1020.672151,887.3,886.4,2823.499,24,21.4,3.2,22.5,19.8,6.6,2.2,14.3,41,29,30,107,6.4,3.8
2021-07-11,1600,0,885.4,1019.228383,886.4,885.4,2787.705,25,22,3,23.1,20.6,4.5,2.4,14.3,32,28,29,88,6.5,3.4
2021-07-11,1700,0,884.5,1018.289537,885.4,884.5,2487.401,26,21.8,3.5,22.6,20.4,4.7,1.9,14.3,33,28,30,93,6.6,3.9
2021-07-11,1800,0,884.3,1018.645261,884.6,884.3,1776.021,26,20.6,3.9,22.8,19.4,4.4,2.7,14.3,35,29,33,95,7.5,3.1
2021-07-11,1900,0,884.1,1018.562139,884.3,884.1,1115.3,25,20.3,3.8,21.2,18.7,4.3,3.2,14.3,37,32,34,89,6,2.6
2021-07-11,2000,0,884.3,1019.88266,884.3,884.1,473.647,23,18.1,2.7,20.4,18.1,3.6,2.6,14.3,36,33,36,92,5.4,2.9
2021-07-11,2100,0,884.4,1020.298396,884.4,884.3,36.877,21,17.5,3.7,18.1,17.3,3.7,2.7,13,40,36,40,81,5.4,3.5
2021-07-11,2200,0,884.7,1021.249512,884.7,884.4,0,19,16.3,4.4,17.5,16.2,4.4,3.3,12.7,45,40,45,106,7,4.9
2021-07-11,2300,0,885.1,1022.015917,885.1,884.7,0,17,15.7,4.7,16.4,15.4,4.8,4.4,12.7,48,45,48,118,8.3,5.7
2021-07-12,0000,0,885.7,null,885.7,885,0,17,15.1,5.5,15.8,15.1,5.6,4.6,12.6,53,48,53,123,9.6,7.4
2021-07-12,0100,0,885.9,1023.348377,885.9,885.7,0,16,14.9,6.7,15.2,14.8,7,5.5,12.6,59,53,58,126,9.8,7.5
2021-07-12,0200,0,886.1,1024.093844,886.1,885.9,0,16,13.9,6.2,14.9,13.9,6.7,5.8,12.6,60,56,60,131,9.1,4.3
2021-07-12,0300,0,886.1,1023.93911,886.2,886,0,15,14.2,6.2,14.6,13.7,6.7,6.2,12.6,61,58,58,128,7.8,6.5
2021-07-12,0400,0,885.9,1024.017745,886.1,885.9,0,15,13.6,6.8,14.4,13.6,6.9,6.1,12.6,64,58,64,131,8.4,6.1
2021-07-12,0500,0,885.7,1023.993787,885.9,885.6,0,14,13.2,6.8,13.6,13.1,7,6.7,12.6,66,64,65,133,6.8,5.3
2021-07-12,0600,0,885.3,1023.531331,885.7,885.3,0,14,13.2,6.7,13.6,13.2,7,6.6,12.5,66,64,65,136,6.9,5.8
2021-07-12,0700,0,885.1,1023.559831,885.3,885.1,0,14,12.7,6.6,13.5,12.7,6.9,6.6,12.5,66,64,66,130,8.1,6.3
2021-07-12,0800,0,885.1,1023.611894,885.1,885,0,13,12.6,6.9,12.7,12.3,7.1,6.6,12.5,70,66,68,133,8.9,6.9
2021-07-12,0900,0,885.2,1023.571455,885.2,885,0,13,12.9,6.6,12.9,12.6,6.9,6.5,12.4,68,65,65,128,9.6,8.2
2021-07-12,1000,0,886,1024.236905,886,885.2,38.317,13,13.4,6.5,13.4,12.4,6.8,6.3,13.2,68,63,63,123,10.7,8.9
2021-07-12,1100,0,886.8,1023.876988,886.8,886,414.056,15,15.9,6.8,15.9,13.4,6.8,6.4,14.3,63,55,55,118,10.9,7.9
2021-07-12,1200,0,887.9,1023.984484,888,886.8,1332.754,18,18.2,7.3,18.7,15.9,8.2,6.7,14.4,55,49,49,115,10.2,5.8
2021-07-12,1300,0,888.5,1023.977918,888.5,887.9,2004.439,20,19.6,8.4,20,18.2,8.6,7.3,14.3,50,46,48,95,8.8,5
2021-07-12,1400,0,888.4,1022.87721,888.6,888.4,2522.905,23,21.6,5.2,22.3,19.6,8.8,4,14.3,48,32,34,68,7.6,4
2021-07-12,1500,0,887.9,1022.644611,888.4,887.9,2563.229,25,20.9,5.9,22.5,20,6.4,2.8,14.3,39,29,38,116,9,5.5
2021-07-12,1600,0,887.1,1021.136654,887.9,887,2648.882,26,22.1,4.3,23.5,20.3,6.3,3,14.3,38,29,31,105,8.7,5.6
2021-07-12,1700,0,886.6,1020.804744,887.1,886.6,2492.061,26,21.6,4.1,23.3,19.8,5.2,3.3,14.3,35,29,32,96,8.7,5
2021-07-12,1800,0,886.2,1020.686624,886.6,886.2,1486.03,25,20.9,3.1,21.6,19,5.4,2.7,14.3,37,30,31,76,7.4,3.7
2021-07-12,1900,0,886.2,1021.129463,886.2,886.1,1355.566,25,20,3.6,21.2,19.4,3.7,2.3,14.3,34,30,34,69,7.5,3.5
2021-07-12,2000,0,886.3,1022.490354,886.3,886.1,275.958,22,17.5,4.3,20,17.3,4.5,2.9,14.4,42,34,42,99,6.6,4.2
2021-07-12,2100,0,886.2,1022.727859,886.3,886.2,37.896,20,16.8,4.2,17.5,16.7,4.4,3.7,13.1,43,41,43,67,6.3,4.2
2021-07-12,2200,0,886.7,1023.863421,886.7,886.2,0,18,15.7,5.6,17,15.7,5.6,4.1,12.7,51,43,51,105,7.5,4.2
2021-07-12,2300,0,887.2,1024.645115,887.2,886.7,0,17,15.3,6.1,15.8,15.3,6.1,5.5,12.6,54,51,54,106,5.9,4.8
2021-07-13,0000,0,887.5,null,887.5,887.2,0,16,14.6,6.1,15.4,14.5,6.2,6,12.6,57,54,57,112,5.4,4
2021-07-13,0100,0,887.8,1025.851957,887.8,887.4,0,15,14.3,6,14.6,14.2,6.2,5.9,12.6,58,57,57,109,7.1,5.5
2021-07-13,0200,0,887.7,1026.046551,887.8,887.6,0,15,13.7,5.6,14.5,13.7,6.1,5.6,12.6,59,56,58,113,7.8,6.3
2021-07-13,0300,0,887.8,1026.110343,887.8,887.7,0,15,13.8,5.4,13.9,13.3,5.7,5.3,12.6,60,57,57,108,8,6.8
2021-07-13,0400,0,887.5,1025.660171,887.8,887.5,0,14,14,5.2,14,13.6,5.4,5,12.6,57,55,55,110,8.5,7
2021-07-13,0500,0,887.3,1025.895609,887.5,887.3,0,14,13.1,5.2,14,13.1,5.4,4.9,12.5,59,55,59,119,9,7.4
2021-07-13,0600,0,887,1025.652824,887.3,887,0,14,12.9,5.4,13.3,12.9,5.4,5.2,12.5,60,58,60,124,9.9,8
2021-07-13,0700,0,886.9,1025.537193,887,886.9,0,14,12.9,5.2,13.3,12.8,5.6,5.1,12.5,60,59,60,122,10.1,7.8
2021-07-13,0800,0,886.9,1025.433129,886.9,886.8,0,14,13.1,5.5,13.2,12.8,5.7,5.3,12.5,61,60,60,108,10.5,8
2021-07-13,0900,0,887,1025.809231,887.1,886.8,0,14,12.6,6,13.2,12.5,6,5.4,12.4,64,60,64,111,12.3,9.1
2021-07-13,1000,0,887.2,1025.779989,887.2,887,41.621,13,13.1,7.1,13.1,12.3,7.1,6,13.2,68,64,67,116,11.8,6.5
2021-07-13,1100,0,887.6,1025.209532,887.6,887.2,416.494,15,15.1,8,15.1,13.1,8,7,14.3,67,62,63,99,10.1,6.6
2021-07-13,1200,0,888.2,1024.985343,888.2,887.5,1344.226,17,16.9,8.9,17.1,15.1,9.1,7.7,14.4,63,58,59,94,10.2,6.6
2021-07-13,1300,0,888.7,1024.606782,888.7,888.2,2013.567,20,18.8,8.6,19.6,16.9,10,8.6,14.3,59,51,51,104,10.8,6.6
2021-07-13,1400,0,888.9,1024.538306,889,888.6,2414.171,22,19.4,7.7,22.2,18.8,10,7.7,14.3,53,43,47,124,10.8,4.7
2021-07-13,1500,0,888.4,1023.368144,888.9,888.4,2527.47,24,20.6,7.2,22.7,19.2,9.7,6.6,14.3,50,38,42,136,7.1,2.4
2021-07-13,1600,0,887.6,1022.397396,888.4,887.6,2555.111,26,20.7,7.9,22.8,19.9,9.2,6.8,14.3,46,38,44,97,6.5,3.5
2021-07-13,1700,0,887,1021.853914,887.5,887,1233.142,25,20.4,8.2,22.1,19.1,9.1,6.8,14.3,49,40,45,100,6.7,4.1
2021-07-13,1800,0,886.8,1021.820816,887,886.8,1020.09,24,20,7.4,21,19.4,9.1,7.3,14.3,48,44,44,83,9.4,4.6
2021-07-13,1900,0,886.7,1022.002605,886.8,886.6,824.624,23,19.4,7.4,20.6,19.1,8.6,6.9,13.8,49,43,46,114,8.5,4.8
2021-07-13,2000,0,886.5,1022.771402,886.8,886.4,245.101,22,17.4,8.1,19.4,17.4,8.1,7.4,14.4,54,46,54,95,8.4,5.2
2021-07-13,2100,0,886.7,1023.608978,886.7,886.4,43.056,20,16.2,8.8,17.4,16.1,8.8,8.1,13.1,62,54,62,104,9.8,6.4
2021-07-13,2200,0,886.8,1023.97889,886.9,886.7,0,18,15.7,9.2,16.3,15.5,9.2,8.8,12.7,66,62,65,110,9.7,6.6
2021-07-13,2300,0,887,1024.465302,887,886.8,0,17,15.2,9.5,15.8,15,9.5,9.1,12.6,69,65,69,114,9.1,6.8
2021-07-14,0000,0,887.6,1025.466323,887.6,887,0,16,14.6,9.3,15.4,14.6,9.6,9.2,12.6,70,68,70,116,9.1,4.3
2021-07-14,0100,0,887.7,1025.530415,887.8,887.5,0,16,14.7,9.3,15,14.4,9.7,9.2,12.6,71,70,70,107,9,6.7
2021-07-14,0200,0,887.7,1025.788001,887.9,887.7,0,15,14.2,9.4,14.8,14.1,9.6,9.2,12.6,73,70,73,111,8.6,6.2
2021-07-14,0300,0,887.4,1025.544603,887.8,887.3,0,15,14,9.3,14.4,13.9,9.6,9.1,12.6,74,72,74,99,9.3,5.9
2021-07-14,0400,0,887.2,1025.416869,887.6,887.2,0,15,13.8,9.1,14.4,13.8,9.6,8.9,12.6,74,71,73,92,8.4,5.2
2021-07-14,0500,0,886.9,1025.01843,887.3,886.9,0,15,13.9,9.4,14.1,13.7,9.6,9,12.6,75,73,74,93,7.2,5.1
2021-07-14,0600,0,886.6,1024.723395,886.9,886.6,0,14,13.8,9.9,14.1,13.7,9.9,9.3,12.5,77,74,77,101,7.1,5.2
2021-07-14,0700,0,886.3,1024.53189,886.6,886.3,0,14,13.5,10.2,13.8,13.5,10.3,9.7,12.5,81,77,80,98,9.2,6.1
2021-07-14,0800,0,886.3,1024.53189,886.3,886,0,14,13.5,10.5,13.5,13.1,10.5,10.1,12.5,83,80,83,99,9.4,5.7
2021-07-14,0900,0,886.4,1024.75118,886.5,886.3,0,14,13.3,10.2,13.6,13.3,10.7,10.2,12.4,83,81,82,96,7.9,4.6
2021-07-14,1000,0,886.9,1025.225469,886.9,886.4,42.179,14,13.5,10.8,13.5,12.8,10.8,9.9,13.2,84,82,83,112,6.8,4.9
2021-07-14,1100,0,887.4,1024.41706,887.4,886.9,438.771,15,16.2,10.5,16.2,13.5,11.1,10.2,14.3,83,69,69,104,7.8,5.3
2021-07-14,1200,0,888.1,1024.064916,888.1,887.4,1316.105,18,18.5,10.1,19.2,16,11.6,9.9,14.3,69,58,58,107,7.2,3
2021-07-14,1300,0,888.2,1023.187039,888.3,888.1,1988.09,21,20.5,9.5,20.9,17.9,11.2,9.2,14.3,60,49,49,59,6.4,3.3